{
  "type": "FeatureCollection",
  "features": [
    {
      "type": "Feature",
      "properties": {
        "name": "Blue Course Drive",
        "osm_node_ids": [
          783645865,
          4089938684,
          106262022,
          110945702,
          106262016,
          4416554769,
          4416554808,
          110945699,
          4612543880,
          110945698,
          110454079,
          3724194843,
          4612543874,
          110945696,
          110945695,
          4612543875,
          110945693,
          3724194882,
          110901403,
          3724194513,
          4416344519,
          3724182306,
          110537476,
          3724183756,
          3724183549,
          106209860,
          4089938686,
          2762597936,
          10994782324,
          410804218,
          3724183736,
          3905911979,
          110895749,
          3752265273,
          110945692,
          110945691,
          783645560,
          110945688,
          3751955481,
          2766175214,
          110945686,
          2766174788,
          110945684,
          5662260423,
          5662260424,
          106250257,
          106242218,
          2673328119,
          110945683,
          2673328111,
          110945681,
          2673328118,
          5662260425,
          106215146,
          5662260426,
          110945679,
          110945678,
          2673328115,
          110945676,
          2673328120,
          110945675,
          106171221,
          110945674,
          2673328116,
          3469821546,
          110945672,
          2673328114,
          105991969,
          110945670,
          4685990949,
          2673328123,
          110945668,
          439941381,
          439941278,
          110945667,
          3331334449,
          3469821532,
          441261568,
          2776594923,
          106186429,
          2776594980,
          2849740845,
          2849740842,
          2776594873,
          110942796,
          2673289671,
          7870868604,
          2849740841,
          2849740848,
          2849740846,
          2849740847,
          110945666,
          110945664,
          2849740844,
          2670499351,
          2677961744,
          3469821533,
          2677961753,
          2677961721,
          2677961746,
          2677961669,
          4612098944,
          2677961668,
          4612098946,
          4612098941,
          365202913,
          365202912,
          365202911,
          365202910,
          3469821528,
          365202909,
          365202908,
          365202907,
          2676400607,
          9747575467,
          365202906,
          365202905,
          9747575468,
          365202904,
          365202903,
          365202901,
          365202900,
          365202899,
          365202898,
          365202897,
          365202896,
          365202895,
          365202894,
          365202893,
          365202892,
          365202891,
          365202890,
          365202889,
          4210866993,
          365202888,
          9747575483,
          4210867011,
          9747575482,
          9747575485,
          9747575488,
          365202877,
          365202872,
          365202869,
          365202866,
          365202865,
          365202864,
          365202862,
          365202861,
          365202860,
          365202859,
          365202858,
          365202853,
          365202852,
          365202851,
          365202849,
          365202848,
          365202847,
          2673836608,
          2673836610,
          2673836614,
          2762631816,
          365202846,
          4591980605,
          365202842,
          9747576321,
          9747576322,
          9747576324,
          9747576330,
          9747576331,
          365202836,
          365202835,
          9747576333,
          365202834,
          365202833,
          365202832,
          9747576334,
          365202831,
          365202830,
          365202829,
          365202828,
          365202827,
          365202826,
          365202825,
          365202824,
          365202823,
          365202822,
          365202821,
          365202820,
          365202819,
          365202818,
          365202817,
          365202816,
          365202815,
          365202814,
          365202813,
          365202812,
          365202811,
          365202809,
          365202808,
          365202807,
          365202806,
          365202805,
          365202803,
          365202802,
          365202801,
          365202800,
          365202799,
          2674288265,
          3469821520
        ],
        "osm_way_ids": [
          35024158,
          261172652,
          261737314,
          261768220,
          262146198,
          262146199,
          262147285,
          262147287,
          263555058,
          263555063,
          264407563,
          271299567,
          339765959,
          339765960,
          339765974,
          339765998,
          339766081,
          339766123,
          339766166,
          417740325,
          421307711,
          469573762,
          1057759595,
          1061069841,
          1448108321,
          1448108323
        ]
      },
      "geometry": {
        "type": "LineString",
        "coordinates": [
          [
            -77.8607162,
            40.7695692
          ],
          [
            -77.8608132,
            40.769671
          ],
          [
            -77.8610427,
            40.7699119
          ],
          [
            -77.8611954,
            40.7700602
          ],
          [
            -77.8613416,
            40.7701958
          ],
          [
            -77.8614804,
            40.7703121
          ],
          [
            -77.861646,
            40.7704472
          ],
          [
            -77.8617366,
            40.7705152
          ],
          [
            -77.8618975,
            40.7706315
          ],
          [
            -77.8621355,
            40.7707885
          ],
          [
            -77.8622184,
            40.7708375
          ],
          [
            -77.8622947,
            40.7708827
          ],
          [
            -77.862507,
            40.7710048
          ],
          [
            -77.8626727,
            40.7710906
          ],
          [
            -77.8628681,
            40.7711833
          ],
          [
            -77.8630143,
            40.7712513
          ],
          [
            -77.8632222,
            40.7713402
          ],
          [
            -77.8634401,
            40.7714245
          ],
          [
            -77.8635306,
            40.7714555
          ],
          [
            -77.8636218,
            40.7714854
          ],
          [
            -77.8638518,
            40.7715575
          ],
          [
            -77.8640543,
            40.7716149
          ],
          [
            -77.8641475,
            40.7716402
          ],
          [
            -77.8642402,
            40.7716653
          ],
          [
            -77.8646981,
            40.7717886
          ],
          [
            -77.8647947,
            40.7718149
          ],
          [
            -77.8648845,
            40.7718394
          ],
          [
            -77.8658454,
            40.7720948
          ],
          [
            -77.8658874,
            40.7721063
          ],
          [
            -77.8661304,
            40.772173
          ],
          [
            -77.866154,
            40.7721789
          ],
          [
            -77.8661808,
            40.7721865
          ],
          [
            -77.8662454,
            40.7722037
          ],
          [
            -77.8663436,
            40.7722299
          ],
          [
            -77.8664643,
            40.7722522
          ],
          [
            -77.8665515,
            40.772266
          ],
          [
            -77.8666507,
            40.7722766
          ],
          [
            -77.8667526,
            40.7722837
          ],
          [
            -77.8668237,
            40.7722842
          ],
          [
            -77.8669243,
            40.7722847
          ],
          [
            -77.8670483,
            40.7722786
          ],
          [
            -77.8671865,
            40.772267
          ],
          [
            -77.8673347,
            40.7722411
          ],
          [
            -77.8674108,
            40.7722254
          ],
          [
            -77.867484,
            40.7722102
          ],
          [
            -77.8676297,
            40.7721801
          ],
          [
            -77.8684646,
            40.7719953
          ],
          [
            -77.8688334,
            40.771913
          ],
          [
            -77.8690828,
            40.7718612
          ],
          [
            -77.8692531,
            40.7718297
          ],
          [
            -77.8693986,
            40.7718099
          ],
          [
            -77.8695307,
            40.7717967
          ],
          [
            -77.8696145,
            40.7717907
          ],
          [
            -77.8696722,
            40.7717866
          ],
          [
            -77.8697995,
            40.7717841
          ],
          [
            -77.8699311,
            40.7717815
          ],
          [
            -77.8700906,
            40.7717845
          ],
          [
            -77.8702388,
            40.7717957
          ],
          [
            -77.8703602,
            40.7718069
          ],
          [
            -77.8704782,
            40.7718221
          ],
          [
            -77.8706318,
            40.7718475
          ],
          [
            -77.8707947,
            40.7718795
          ],
          [
            -77.8709027,
            40.7719069
          ],
          [
            -77.8710147,
            40.7719384
          ],
          [
            -77.8711823,
            40.7719892
          ],
          [
            -77.8713768,
            40.7720623
          ],
          [
            -77.8716349,
            40.7721811
          ],
          [
            -77.8718032,
            40.7722715
          ],
          [
            -77.8719293,
            40.7723477
          ],
          [
            -77.8720688,
            40.7724411
          ],
          [
            -77.8722143,
            40.7725559
          ],
          [
            -77.8723745,
            40.7726966
          ],
          [
            -77.8724966,
            40.7728154
          ],
          [
            -77.8725925,
            40.7729063
          ],
          [
            -77.8733703,
            40.7736523
          ],
          [
            -77.8735889,
            40.7738767
          ],
          [
            -77.8742105,
            40.7745166
          ],
          [
            -77.8742501,
            40.7745562
          ],
          [
            -77.8743828,
            40.7746953
          ],
          [
            -77.8744842,
            40.7747985
          ],
          [
            -77.8745746,
            40.7748949
          ],
          [
            -77.875026,
            40.7753581
          ],
          [
            -77.8755228,
            40.7758688
          ],
          [
            -77.8757286,
            40.7760856
          ],
          [
            -77.8758098,
            40.7761699
          ],
          [
            -77.8758886,
            40.776254
          ],
          [
            -77.875979,
            40.776341
          ],
          [
            -77.8760296,
            40.7763915
          ],
          [
            -77.8764588,
            40.7768342
          ],
          [
            -77.8765653,
            40.7769396
          ],
          [
            -77.8766871,
            40.7770458
          ],
          [
            -77.8768534,
            40.7771858
          ],
          [
            -77.87698,
            40.777285
          ],
          [
            -77.8775121,
            40.7776734
          ],
          [
            -77.8781213,
            40.7781078
          ],
          [
            -77.8788623,
            40.77856
          ],
          [
            -77.8789983,
            40.7786463
          ],
          [
            -77.8791434,
            40.7787435
          ],
          [
            -77.8794138,
            40.778935
          ],
          [
            -77.8797454,
            40.7791662
          ],
          [
            -77.8800987,
            40.7794492
          ],
          [
            -77.8801412,
            40.7794889
          ],
          [
            -77.880237,
            40.7795784
          ],
          [
            -77.8803372,
            40.7796701
          ],
          [
            -77.8803572,
            40.7796924
          ],
          [
            -77.8804115,
            40.779744
          ],
          [
            -77.8806382,
            40.7799488
          ],
          [
            -77.8808766,
            40.7801653
          ],
          [
            -77.88115,
            40.7804228
          ],
          [
            -77.8812216,
            40.7804907
          ],
          [
            -77.8813497,
            40.7806136
          ],
          [
            -77.8815769,
            40.7808298
          ],
          [
            -77.8818055,
            40.7810286
          ],
          [
            -77.8820228,
            40.781191
          ],
          [
            -77.8821331,
            40.7812689
          ],
          [
            -77.882361,
            40.7814071
          ],
          [
            -77.8824711,
            40.7814678
          ],
          [
            -77.8825928,
            40.7815346
          ],
          [
            -77.8828377,
            40.78165
          ],
          [
            -77.882963,
            40.781703
          ],
          [
            -77.8833523,
            40.781856
          ],
          [
            -77.883476,
            40.7819058
          ],
          [
            -77.8837362,
            40.7820077
          ],
          [
            -77.8839938,
            40.7821071
          ],
          [
            -77.8843499,
            40.7822445
          ],
          [
            -77.8845046,
            40.7823068
          ],
          [
            -77.8848857,
            40.7824559
          ],
          [
            -77.8850564,
            40.7825228
          ],
          [
            -77.8852907,
            40.7826194
          ],
          [
            -77.8855251,
            40.7827274
          ],
          [
            -77.88576,
            40.7828537
          ],
          [
            -77.885983,
            40.7829876
          ],
          [
            -77.886124,
            40.783081
          ],
          [
            -77.8863397,
            40.7832362
          ],
          [
            -77.8864448,
            40.7833216
          ],
          [
            -77.8865819,
            40.7834474
          ],
          [
            -77.886746,
            40.7836103
          ],
          [
            -77.8869176,
            40.7837806
          ],
          [
            -77.8872306,
            40.7841093
          ],
          [
            -77.8875738,
            40.7844633
          ],
          [
            -77.8879187,
            40.7848193
          ],
          [
            -77.8883432,
            40.7852594
          ],
          [
            -77.8887688,
            40.7857019
          ],
          [
            -77.8890268,
            40.785967
          ],
          [
            -77.8891955,
            40.7861478
          ],
          [
            -77.8893695,
            40.7863259
          ],
          [
            -77.8896275,
            40.7865897
          ],
          [
            -77.8897965,
            40.7867656
          ],
          [
            -77.8900547,
            40.7870346
          ],
          [
            -77.8903097,
            40.7872973
          ],
          [
            -77.8905634,
            40.787558
          ],
          [
            -77.8907069,
            40.787715
          ],
          [
            -77.8908112,
            40.7878161
          ],
          [
            -77.8910422,
            40.7880979
          ],
          [
            -77.8911865,
            40.7882948
          ],
          [
            -77.8913679,
            40.788561
          ],
          [
            -77.8914809,
            40.788749
          ],
          [
            -77.8915904,
            40.7889568
          ],
          [
            -77.8916845,
            40.789164
          ],
          [
            -77.8917386,
            40.7892975
          ],
          [
            -77.8917994,
            40.7894554
          ],
          [
            -77.8918333,
            40.7895549
          ],
          [
            -77.8918627,
            40.7896403
          ],
          [
            -77.8919362,
            40.7899122
          ],
          [
            -77.8919669,
            40.7900451
          ],
          [
            -77.8920065,
            40.7902545
          ],
          [
            -77.8920355,
            40.7904764
          ],
          [
            -77.892051,
            40.7906915
          ],
          [
            -77.8920577,
            40.7909105
          ],
          [
            -77.8920518,
            40.7911271
          ],
          [
            -77.8920425,
            40.7912361
          ],
          [
            -77.8920309,
            40.7913487
          ],
          [
            -77.8920203,
            40.7914517
          ],
          [
            -77.8920015,
            40.7915631
          ],
          [
            -77.8919616,
            40.7917757
          ],
          [
            -77.8919096,
            40.79199
          ],
          [
            -77.8918504,
            40.7922022
          ],
          [
            -77.891773,
            40.7924165
          ],
          [
            -77.8917314,
            40.7925205
          ],
          [
            -77.8916882,
            40.792623
          ],
          [
            -77.8915917,
            40.7928301
          ],
          [
            -77.8914801,
            40.793035
          ],
          [
            -77.8913627,
            40.7932339
          ],
          [
            -77.8912361,
            40.7934312
          ],
          [
            -77.8911675,
            40.793532
          ],
          [
            -77.8910257,
            40.7937174
          ],
          [
            -77.8908666,
            40.793906
          ],
          [
            -77.890705,
            40.7940844
          ],
          [
            -77.890535,
            40.7942619
          ],
          [
            -77.8903579,
            40.7944374
          ],
          [
            -77.8901875,
            40.7946109
          ],
          [
            -77.8900084,
            40.7947922
          ],
          [
            -77.8898394,
            40.7949639
          ],
          [
            -77.8896597,
            40.7951456
          ],
          [
            -77.8894981,
            40.7953119
          ],
          [
            -77.8893179,
            40.7954929
          ],
          [
            -77.8891524,
            40.7956616
          ],
          [
            -77.8890646,
            40.7957514
          ],
          [
            -77.8889002,
            40.7959348
          ],
          [
            -77.8887457,
            40.7961176
          ],
          [
            -77.8885985,
            40.7963045
          ],
          [
            -77.8884479,
            40.7965014
          ],
          [
            -77.8883194,
            40.7966868
          ],
          [
            -77.888196,
            40.7968797
          ],
          [
            -77.8880679,
            40.7970853
          ],
          [
            -77.8879433,
            40.7972769
          ],
          [
            -77.8878306,
            40.7974568
          ],
          [
            -77.8877885,
            40.7975121
          ],
          [
            -77.8877316,
            40.7976122
          ]
        ]
      }
    },
    {
      "type": "Feature",
      "properties": {
        "name": "Circleville Road",
        "osm_node_ids": [
          3469821520,
          456587035,
          4682568458,
          410712745,
          2738768037,
          410712746,
          3421777504,
          3421777171,
          13691341264,
          3421777508,
          14031969401,
          3421777169,
          7721825315,
          3421777517,
          4682568459,
          3421777542,
          4682568460,
          4682568461,
          3421777509,
          4682568462,
          4682568465,
          3421777533,
          3421777514,
          3421777535,
          4682568466,
          4682568467,
          3421777516,
          3421777188,
          3421777502,
          3421777526,
          3421777519,
          3421777179,
          3421777528,
          4682568468,
          3421777541,
          3421777532,
          3421777501,
          4682568469,
          4682568470,
          3421777167,
          4682568471,
          3421777165,
          3421777170,
          3421777534,
          3421777506,
          3421777173,
          3421777543,
          2696851471,
          3421777512,
          3421777515,
          3421777530,
          455754528,
          4742325017,
          6381807436,
          4696399533,
          3421748218
        ],
        "osm_way_ids": [
          261322484,
          268526408,
          335048920,
          481294836
        ]
      },
      "geometry": {
        "type": "LineString",
        "coordinates": [
          [
            -77.8877316,
            40.7976122
          ],
          [
            -77.8878742,
            40.797615
          ],
          [
            -77.8879299,
            40.7976135
          ],
          [
            -77.8880345,
            40.7976059
          ],
          [
            -77.8881526,
            40.7975823
          ],
          [
            -77.8882749,
            40.7975502
          ],
          [
            -77.8889158,
            40.7973456
          ],
          [
            -77.8901991,
            40.7969438
          ],
          [
            -77.8907218,
            40.7967862
          ],
          [
            -77.891103,
            40.7966636
          ],
          [
            -77.891449,
            40.7965662
          ],
          [
            -77.891795,
            40.7964688
          ],
          [
            -77.8926024,
            40.7962715
          ],
          [
            -77.8930456,
            40.7961632
          ],
          [
            -77.8933762,
            40.796085
          ],
          [
            -77.8942097,
            40.795883
          ],
          [
            -77.8944148,
            40.7958383
          ],
          [
            -77.8947085,
            40.7957759
          ],
          [
            -77.895017,
            40.7957129
          ],
          [
            -77.8951639,
            40.7956789
          ],
          [
            -77.8952832,
            40.7956459
          ],
          [
            -77.8954039,
            40.7956013
          ],
          [
            -77.8954985,
            40.7955541
          ],
          [
            -77.8955818,
            40.7955019
          ],
          [
            -77.8956555,
            40.7954443
          ],
          [
            -77.8957239,
            40.7953747
          ],
          [
            -77.8957957,
            40.7952894
          ],
          [
            -77.8958344,
            40.79522
          ],
          [
            -77.8959484,
            40.7949565
          ],
          [
            -77.8959727,
            40.794891
          ],
          [
            -77.8960186,
            40.7947672
          ],
          [
            -77.8960382,
            40.7947144
          ],
          [
            -77.8961206,
            40.7945112
          ],
          [
            -77.8961769,
            40.7943665
          ],
          [
            -77.8962346,
            40.7942503
          ],
          [
            -77.8962721,
            40.7941914
          ],
          [
            -77.896311,
            40.7941417
          ],
          [
            -77.8963687,
            40.7940777
          ],
          [
            -77.8964404,
            40.7940092
          ],
          [
            -77.8965269,
            40.7939437
          ],
          [
            -77.8966107,
            40.7938878
          ],
          [
            -77.8967033,
            40.793834
          ],
          [
            -77.89705,
            40.7936594
          ],
          [
            -77.8974253,
            40.7934746
          ],
          [
            -77.898363,
            40.7929883
          ],
          [
            -77.8996926,
            40.7923004
          ],
          [
            -77.9004486,
            40.7919258
          ],
          [
            -77.9010235,
            40.7916336
          ],
          [
            -77.9015437,
            40.7913683
          ],
          [
            -77.9023143,
            40.7909732
          ],
          [
            -77.9037414,
            40.7902954
          ],
          [
            -77.9038145,
            40.7902626
          ],
          [
            -77.9052111,
            40.7895872
          ],
          [
            -77.9052856,
            40.7895512
          ],
          [
            -77.9062036,
            40.7890921
          ],
          [
            -77.9063242,
            40.789049
          ]
        ]
      }
    },
    {
      "type": "Feature",
      "properties": {
        "name": "Valley Vista Drive",
        "osm_node_ids": [
          3421748218,
          4696399534,
          4742325854,
          476262633,
          476262627,
          3421745788,
          2849740850,
          106139643,
          3421748353,
          3421748227,
          7005461479,
          106139641,
          7951713597,
          110544486,
          4682672938,
          4682672937,
          106139637,
          4682672939,
          783646394,
          3198055674,
          106139633,
          106139631,
          3459974457,
          106139629,
          3459974482,
          3459974477,
          3459974466,
          106139627,
          109834336,
          106139625,
          110544419,
          106139621,
          106139619,
          10213278781,
          106008568,
          10213278778,
          106139617,
          7385767568,
          106139613,
          106139611,
          106139609,
          106139607,
          106139605,
          3421748300,
          783645138,
          9712807986,
          9712807987,
          9712807988,
          3421748344,
          3421748299,
          3421748342,
          594384868,
          3421748244,
          106139589,
          106139587,
          594384890,
          106139581,
          106139579,
          106139577,
          106139575,
          106139480,
          3729821124,
          106139573,
          3729822425,
          106139571,
          106139569,
          106139567,
          106139565,
          106139563,
          106139561,
          106139559,
          106139557,
          106139555,
          7956115464,
          3459974470,
          106139553,
          3459974708,
          106139550,
          3459974455,
          106139548,
          106139545,
          7956115491,
          2707952459,
          2468335330,
          7956115486,
          5697786970,
          106139540,
          106139538,
          106139536,
          3459974704,
          3459974486,
          3459974445,
          3459974484,
          2673362576,
          3806090305,
          3459974450,
          738182769,
          3459974473,
          3459974728,
          3689004476,
          105969879,
          105969877,
          3689004478,
          3459974714,
          105969872,
          3459974491,
          105969870,
          105969868
        ],
        "osm_way_ids": [
          35042317,
          175080156,
          262153434,
          262153437,
          262166270,
          338850545,
          338850553,
          338850558,
          474256236,
          474268444,
          474268445,
          481294934,
          788644740,
          788644741,
          1057047195,
          1057047196,
          1552111441,
          338850546,
          11841567
        ]
      },
      "geometry": {
        "type": "LineString",
        "coordinates": [
          [
            -77.9063242,
            40.789049
          ],
          [
            -77.9063728,
            40.7891281
          ],
          [
            -77.9067341,
            40.789532
          ],
          [
            -77.9071729,
            40.7900538
          ],
          [
            -77.9076153,
            40.7905605
          ],
          [
            -77.9085407,
            40.79157
          ],
          [
            -77.9088756,
            40.7919114
          ],
          [
            -77.909043,
            40.792076
          ],
          [
            -77.9094296,
            40.7924544
          ],
          [
            -77.9098933,
            40.7928701
          ],
          [
            -77.9102872,
            40.7931964
          ],
          [
            -77.9103744,
            40.7932686
          ],
          [
            -77.9103987,
            40.7932869
          ],
          [
            -77.9104733,
            40.7933431
          ],
          [
            -77.9107975,
            40.7935895
          ],
          [
            -77.9113729,
            40.7939967
          ],
          [
            -77.911993,
            40.794398
          ],
          [
            -77.912411,
            40.794657
          ],
          [
            -77.9124865,
            40.7947038
          ],
          [
            -77.9128062,
            40.7948795
          ],
          [
            -77.913747,
            40.795385
          ],
          [
            -77.91388,
            40.795453
          ],
          [
            -77.9146597,
            40.795868
          ],
          [
            -77.9151319,
            40.7961301
          ],
          [
            -77.9154038,
            40.7963023
          ],
          [
            -77.9158327,
            40.7965919
          ],
          [
            -77.9161777,
            40.7968509
          ],
          [
            -77.916501,
            40.797112
          ],
          [
            -77.9166865,
            40.797262
          ],
          [
            -77.916897,
            40.79744
          ],
          [
            -77.917179,
            40.797699
          ],
          [
            -77.917346,
            40.797851
          ],
          [
            -77.917613,
            40.79811
          ],
          [
            -77.9191017,
            40.7996935
          ],
          [
            -77.919152,
            40.799747
          ],
          [
            -77.9191963,
            40.7997937
          ],
          [
            -77.920143,
            40.800793
          ],
          [
            -77.9206639,
            40.8013144
          ],
          [
            -77.921197,
            40.801848
          ],
          [
            -77.921422,
            40.802022
          ],
          [
            -77.921534,
            40.802094
          ],
          [
            -77.921688,
            40.802191
          ],
          [
            -77.921833,
            40.802273
          ],
          [
            -77.9219133,
            40.802322
          ],
          [
            -77.921951,
            40.802345
          ],
          [
            -77.9221439,
            40.8024613
          ],
          [
            -77.9223837,
            40.8026272
          ],
          [
            -77.9225404,
            40.8027604
          ],
          [
            -77.9226857,
            40.8029075
          ],
          [
            -77.922983,
            40.8032046
          ],
          [
            -77.9234062,
            40.8036346
          ],
          [
            -77.9242328,
            40.8044424
          ],
          [
            -77.9248391,
            40.805055
          ],
          [
            -77.925356,
            40.80557
          ],
          [
            -77.925732,
            40.805957
          ],
          [
            -77.9258939,
            40.8061449
          ],
          [
            -77.9260202,
            40.8063096
          ],
          [
            -77.926136,
            40.806491
          ],
          [
            -77.926216,
            40.806643
          ],
          [
            -77.926313,
            40.806901
          ],
          [
            -77.926388,
            40.807192
          ],
          [
            -77.9264636,
            40.807424
          ],
          [
            -77.9264926,
            40.8075287
          ],
          [
            -77.9265103,
            40.8076119
          ],
          [
            -77.9265182,
            40.8076932
          ],
          [
            -77.9265087,
            40.8078285
          ],
          [
            -77.9264827,
            40.8079916
          ],
          [
            -77.926418,
            40.808214
          ],
          [
            -77.926301,
            40.808469
          ],
          [
            -77.926223,
            40.808615
          ],
          [
            -77.926139,
            40.808748
          ],
          [
            -77.9259971,
            40.8089395
          ],
          [
            -77.9259306,
            40.8090086
          ],
          [
            -77.9258566,
            40.8090857
          ],
          [
            -77.9258423,
            40.8091006
          ],
          [
            -77.9257068,
            40.8092223
          ],
          [
            -77.9256059,
            40.8093142
          ],
          [
            -77.925499,
            40.809412
          ],
          [
            -77.9253796,
            40.8094984
          ],
          [
            -77.925198,
            40.809614
          ],
          [
            -77.925001,
            40.809722
          ],
          [
            -77.9246513,
            40.8099082
          ],
          [
            -77.9245706,
            40.8099512
          ],
          [
            -77.9244916,
            40.8099899
          ],
          [
            -77.9244021,
            40.8100386
          ],
          [
            -77.9243681,
            40.8100571
          ],
          [
            -77.9242338,
            40.8101302
          ],
          [
            -77.9241348,
            40.8102055
          ],
          [
            -77.9240185,
            40.8103143
          ],
          [
            -77.9239254,
            40.8104164
          ],
          [
            -77.923821,
            40.8105575
          ],
          [
            -77.923702,
            40.8107137
          ],
          [
            -77.9236126,
            40.810814
          ],
          [
            -77.9234871,
            40.810949
          ],
          [
            -77.9233886,
            40.8110609
          ],
          [
            -77.9231617,
            40.8113188
          ],
          [
            -77.9231313,
            40.8113661
          ],
          [
            -77.9230753,
            40.8114495
          ],
          [
            -77.922999,
            40.8115545
          ],
          [
            -77.9226737,
            40.8119631
          ],
          [
            -77.9225927,
            40.8120647
          ],
          [
            -77.9225175,
            40.8121573
          ],
          [
            -77.9224438,
            40.8122479
          ],
          [
            -77.9224294,
            40.8122655
          ],
          [
            -77.9219937,
            40.8128205
          ],
          [
            -77.9218107,
            40.8130558
          ],
          [
            -77.9217474,
            40.8131371
          ],
          [
            -77.9215976,
            40.8133163
          ]
        ]
      }
    },
    {
      "type": "Feature",
      "properties": {
        "name": "Valley Vista interchange ramps",
        "osm_node_ids": [
          105969868,
          5697786976,
          3459974488,
          105969866,
          1652893070,
          1652893072,
          1652893074,
          411022220,
          1652893091,
          105969854,
          105969848,
          105969859,
          1652893116,
          411022219,
          105969846,
          105969822,
          105969845,
          105969843,
          105969840,
          105969838,
          105969834,
          105969832,
          105969829,
          105969827,
          105969826,
          1652893145,
          105969819,
          105969812,
          105969816,
          105969810,
          105969808
        ],
        "osm_way_ids": [
          338850562,
          152472835,
          35043596,
          35043595,
          11829577
        ]
      },
      "geometry": {
        "type": "LineString",
        "coordinates": [
          [
            -77.9215976,
            40.8133163
          ],
          [
            -77.9214733,
            40.8134742
          ],
          [
            -77.9211498,
            40.8138851
          ],
          [
            -77.9208382,
            40.8142989
          ],
          [
            -77.9206392,
            40.8145443
          ],
          [
            -77.920476,
            40.8147477
          ],
          [
            -77.9202261,
            40.8150218
          ],
          [
            -77.9200631,
            40.8151881
          ],
          [
            -77.9199592,
            40.8152735
          ],
          [
            -77.9198279,
            40.8153745
          ],
          [
            -77.9196267,
            40.8155172
          ],
          [
            -77.9194339,
            40.8156406
          ],
          [
            -77.9192962,
            40.8157239
          ],
          [
            -77.9190973,
            40.8158312
          ],
          [
            -77.9189637,
            40.8158939
          ],
          [
            -77.9187646,
            40.8159788
          ],
          [
            -77.9185973,
            40.8160381
          ],
          [
            -77.9183876,
            40.8161054
          ],
          [
            -77.9181461,
            40.8161696
          ],
          [
            -77.9178898,
            40.8162273
          ],
          [
            -77.9176505,
            40.8162657
          ],
          [
            -77.9174429,
            40.8162882
          ],
          [
            -77.9172248,
            40.8163026
          ],
          [
            -77.9170045,
            40.816309
          ],
          [
            -77.916651,
            40.816306
          ],
          [
            -77.9133388,
            40.8161941
          ],
          [
            -77.9129584,
            40.8161964
          ],
          [
            -77.9126019,
            40.8162236
          ],
          [
            -77.9122302,
            40.8162734
          ],
          [
            -77.9118865,
            40.816326
          ],
          [
            -77.9108519,
            40.8164976
          ]
        ]
      }
    },
    {
      "type": "Feature",
      "properties": {
        "name": "I-99 / US 220 / US 322",
        "osm_node_ids": [
          105969808,
          105962986
        ],
        "osm_way_ids": [
          152472775
        ]
      },
      "geometry": {
        "type": "LineString",
        "coordinates": [
          [
            -77.9108519,
            40.8164976
          ],
          [
            -77.9068889,
            40.8174667
          ]
        ]
      }
    },
    {
      "type": "Feature",
      "properties": {
        "name": "Waddle Road interchange ramp",
        "osm_node_ids": [
          105962986,
          105962976,
          105962972,
          105962968,
          105962965,
          105962962,
          105962957,
          105962955,
          5347575784,
          5347575785,
          5347575786,
          5347575787,
          5347575788,
          7307696811,
          5347575789
        ],
        "osm_way_ids": [
          339776514,
          554075558
        ]
      },
      "geometry": {
        "type": "LineString",
        "coordinates": [
          [
            -77.9068889,
            40.8174667
          ],
          [
            -77.904968,
            40.818029
          ],
          [
            -77.904698,
            40.818112
          ],
          [
            -77.904208,
            40.818277
          ],
          [
            -77.903802,
            40.818427
          ],
          [
            -77.903265,
            40.818648
          ],
          [
            -77.902065,
            40.819183
          ],
          [
            -77.901637,
            40.819342
          ],
          [
            -77.9014054,
            40.8194169
          ],
          [
            -77.9013249,
            40.8194737
          ],
          [
            -77.901274,
            40.8195234
          ],
          [
            -77.9012391,
            40.8195884
          ],
          [
            -77.9012192,
            40.819666
          ],
          [
            -77.9012163,
            40.8197386
          ],
          [
            -77.9012158,
            40.8200236
          ]
        ]
      }
    },
    {
      "type": "Feature",
      "properties": {
        "name": "Waddle Road",
        "osm_node_ids": [
          5347575789,
          2894420537,
          4597213875,
          7307691579,
          106241318
        ],
        "osm_way_ids": [
          782564862,
          516930643,
          285812255
        ]
      },
      "geometry": {
        "type": "LineString",
        "coordinates": [
          [
            -77.9012158,
            40.8200236
          ],
          [
            -77.9012552,
            40.8201253
          ],
          [
            -77.9014939,
            40.8207504
          ],
          [
            -77.9017031,
            40.8212508
          ],
          [
            -77.9018152,
            40.8215186
          ]
        ]
      }
    },
    {
      "type": "Feature",
      "properties": {
        "name": "Toftrees Avenue",
        "osm_node_ids": [
          106241318,
          13600194499,
          106241313,
          106241310,
          4682192961,
          106241307,
          2664340693,
          106241304,
          106241300,
          106241297,
          106241295,
          2664319277,
          106241292,
          106241290,
          106241287,
          3723718783,
          106241284,
          106241281,
          106241279,
          5531765119,
          106241277,
          106241274,
          106189022,
          3723718784,
          739179528,
          106241271,
          106241268,
          739179484,
          106241266,
          739179494,
          739179569,
          106241264,
          3723718786,
          106241261,
          106241259,
          106021897,
          106241255,
          2410500626,
          2664309991,
          3723709086,
          5018116878,
          739179536,
          106241250,
          5336088282,
          739179564,
          106241248,
          5336088281,
          106241245,
          739179533,
          106241243,
          106241241,
          106241239,
          106241235,
          106241233,
          4682192963,
          4682192962,
          106241231,
          7192338120,
          7192338119,
          410800817,
          2668017262,
          2668017223,
          2668017276,
          2668017258,
          2668017218,
          2668017251,
          2668017215,
          2668017236,
          2668017278,
          2668017261,
          2668017238,
          2668017222,
          2668017282,
          2668017263,
          2668017217,
          2668017287,
          2685916369,
          2668017235,
          2668017267,
          2668017243,
          2668017268,
          2668017281,
          2668017293,
          2668017242,
          2668017254,
          2668017288,
          2668017279,
          2668017225,
          2668017280,
          3663755367,
          3663755368,
          2668017245,
          2668017234,
          2668017285,
          2668017283,
          3055652289,
          2668017292,
          2668017265,
          2668017221,
          3055652290,
          2668017257,
          2668985239,
          2668017252,
          3734655735,
          2668017224,
          1224767863,
          2668017291,
          2668017269,
          2668017284,
          2668017246,
          2668017290,
          2668017240,
          410800795,
          2653103300,
          2668985241,
          410800794,
          2663601487,
          2663601522,
          3055652292,
          410800792,
          2663601507,
          410800791,
          2663601478,
          410800790,
          410800789,
          2663601494,
          2663601538,
          410800788,
          410800787,
          2663601526,
          410800786,
          410800785,
          2653100086,
          410800784,
          2668111805,
          2668111810,
          2668111808,
          2668111809,
          2668111799,
          2668111804,
          2668111812,
          5008539478,
          2669490915,
          410800783,
          410705543
        ],
        "osm_way_ids": [
          259852171,
          259852174,
          259852176,
          261172661,
          261176599,
          261176602,
          261177170,
          261266436,
          261266437,
          261266438,
          261266440,
          262946922,
          262946924,
          379860922,
          474215686,
          474215687,
          770549231,
          783476949
        ]
      },
      "geometry": {
        "type": "LineString",
        "coordinates": [
          [
            -77.9018152,
            40.8215186
          ],
          [
            -77.9016864,
            40.8215582
          ],
          [
            -77.901612,
            40.821581
          ],
          [
            -77.901221,
            40.821717
          ],
          [
            -77.9010927,
            40.8217553
          ],
          [
            -77.900843,
            40.82183
          ],
          [
            -77.9007322,
            40.8218673
          ],
          [
            -77.90057,
            40.821922
          ],
          [
            -77.900404,
            40.821989
          ],
          [
            -77.9002345,
            40.8220819
          ],
          [
            -77.9000851,
            40.8221944
          ],
          [
            -77.8999561,
            40.8223007
          ],
          [
            -77.8999097,
            40.8223399
          ],
          [
            -77.899749,
            40.822461
          ],
          [
            -77.899536,
            40.822606
          ],
          [
            -77.8993287,
            40.8227194
          ],
          [
            -77.89926,
            40.822757
          ],
          [
            -77.899002,
            40.822862
          ],
          [
            -77.8988161,
            40.8229254
          ],
          [
            -77.8986394,
            40.8229776
          ],
          [
            -77.898462,
            40.82302
          ],
          [
            -77.898187,
            40.823068
          ],
          [
            -77.89718,
            40.8232051
          ],
          [
            -77.8970179,
            40.8232257
          ],
          [
            -77.8968391,
            40.8232483
          ],
          [
            -77.89639,
            40.823311
          ],
          [
            -77.895474,
            40.823442
          ],
          [
            -77.8949181,
            40.8235427
          ],
          [
            -77.894839,
            40.823557
          ],
          [
            -77.8942627,
            40.8237017
          ],
          [
            -77.8941333,
            40.8237368
          ],
          [
            -77.893995,
            40.823772
          ],
          [
            -77.8938065,
            40.8238101
          ],
          [
            -77.893602,
            40.823836
          ],
          [
            -77.8934719,
            40.8238448
          ],
          [
            -77.8929566,
            40.8238326
          ],
          [
            -77.892141,
            40.823778
          ],
          [
            -77.8920882,
            40.8237735
          ],
          [
            -77.8920175,
            40.8237675
          ],
          [
            -77.891659,
            40.8237373
          ],
          [
            -77.8911579,
            40.823706
          ],
          [
            -77.8908551,
            40.8236815
          ],
          [
            -77.8904808,
            40.8236549
          ],
          [
            -77.8903138,
            40.8236462
          ],
          [
            -77.8901689,
            40.8236418
          ],
          [
            -77.8899169,
            40.8236426
          ],
          [
            -77.8896581,
            40.8236553
          ],
          [
            -77.8894622,
            40.8236716
          ],
          [
            -77.8893331,
            40.8236839
          ],
          [
            -77.88866,
            40.823752
          ],
          [
            -77.888382,
            40.823767
          ],
          [
            -77.888246,
            40.823767
          ],
          [
            -77.8878893,
            40.8237533
          ],
          [
            -77.8876406,
            40.8237229
          ],
          [
            -77.8873468,
            40.8236741
          ],
          [
            -77.8870679,
            40.8236153
          ],
          [
            -77.8867672,
            40.8235559
          ],
          [
            -77.8866762,
            40.8235371
          ],
          [
            -77.8866191,
            40.8235253
          ],
          [
            -77.886504,
            40.8235024
          ],
          [
            -77.8863455,
            40.8234881
          ],
          [
            -77.8862677,
            40.8234799
          ],
          [
            -77.8861765,
            40.8234683
          ],
          [
            -77.8860471,
            40.8234581
          ],
          [
            -77.8859586,
            40.8234546
          ],
          [
            -77.8858539,
            40.8234541
          ],
          [
            -77.8857386,
            40.8234581
          ],
          [
            -77.88564,
            40.8234652
          ],
          [
            -77.8855307,
            40.8234769
          ],
          [
            -77.8854147,
            40.8234947
          ],
          [
            -77.8852987,
            40.823517
          ],
          [
            -77.8852008,
            40.8235408
          ],
          [
            -77.885105,
            40.823568
          ],
          [
            -77.8850017,
            40.8236017
          ],
          [
            -77.8848729,
            40.8236504
          ],
          [
            -77.8847757,
            40.823692
          ],
          [
            -77.8846945,
            40.8237322
          ],
          [
            -77.884632,
            40.823765
          ],
          [
            -77.8845354,
            40.8238185
          ],
          [
            -77.8844352,
            40.8238821
          ],
          [
            -77.8843334,
            40.8239516
          ],
          [
            -77.8842096,
            40.8240295
          ],
          [
            -77.8841055,
            40.8240941
          ],
          [
            -77.8839985,
            40.824163
          ],
          [
            -77.8839087,
            40.8242137
          ],
          [
            -77.8838168,
            40.8242598
          ],
          [
            -77.8837062,
            40.8243065
          ],
          [
            -77.8835871,
            40.8243534
          ],
          [
            -77.8834044,
            40.824409
          ],
          [
            -77.8832335,
            40.8244543
          ],
          [
            -77.8828492,
            40.8245516
          ],
          [
            -77.8825749,
            40.8246231
          ],
          [
            -77.8823936,
            40.8246735
          ],
          [
            -77.8821825,
            40.8247324
          ],
          [
            -77.8820349,
            40.8247832
          ],
          [
            -77.8819386,
            40.8248247
          ],
          [
            -77.8819022,
            40.8248404
          ],
          [
            -77.8817382,
            40.8249162
          ],
          [
            -77.8815086,
            40.8250406
          ],
          [
            -77.8814939,
            40.8250505
          ],
          [
            -77.8812952,
            40.8251853
          ],
          [
            -77.8812501,
            40.8252174
          ],
          [
            -77.8809263,
            40.8254399
          ],
          [
            -77.8808493,
            40.8255025
          ],
          [
            -77.8808117,
            40.8255331
          ],
          [
            -77.880614,
            40.8256768
          ],
          [
            -77.8805111,
            40.8257997
          ],
          [
            -77.8804374,
            40.8259134
          ],
          [
            -77.8803799,
            40.8260104
          ],
          [
            -77.8803343,
            40.8261107
          ],
          [
            -77.880293,
            40.8262278
          ],
          [
            -77.8802417,
            40.8264185
          ],
          [
            -77.8802231,
            40.8264869
          ],
          [
            -77.880202,
            40.8265586
          ],
          [
            -77.8801718,
            40.8266684
          ],
          [
            -77.8801285,
            40.8267598
          ],
          [
            -77.8800119,
            40.8268942
          ],
          [
            -77.879936,
            40.8270017
          ],
          [
            -77.8799172,
            40.8270256
          ],
          [
            -77.8798364,
            40.8271278
          ],
          [
            -77.8797555,
            40.8272159
          ],
          [
            -77.8796756,
            40.8272912
          ],
          [
            -77.8795721,
            40.8273763
          ],
          [
            -77.879433,
            40.8274681
          ],
          [
            -77.8793029,
            40.8275494
          ],
          [
            -77.8791263,
            40.8276293
          ],
          [
            -77.8789784,
            40.827689
          ],
          [
            -77.8788473,
            40.8277352
          ],
          [
            -77.8786993,
            40.8277755
          ],
          [
            -77.8785268,
            40.8278113
          ],
          [
            -77.8783591,
            40.827836
          ],
          [
            -77.8781096,
            40.8278703
          ],
          [
            -77.8777682,
            40.8279211
          ],
          [
            -77.8775153,
            40.8279798
          ],
          [
            -77.8773254,
            40.8280063
          ],
          [
            -77.8772108,
            40.8280244
          ],
          [
            -77.8770493,
            40.8280709
          ],
          [
            -77.8769534,
            40.8281088
          ],
          [
            -77.8768617,
            40.8281537
          ],
          [
            -77.8767784,
            40.8282073
          ],
          [
            -77.8767054,
            40.8282578
          ],
          [
            -77.8766051,
            40.8283481
          ],
          [
            -77.8765821,
            40.8283688
          ],
          [
            -77.8765665,
            40.8283832
          ],
          [
            -77.8765001,
            40.8284487
          ]
        ]
      }
    },
    {
      "type": "Feature",
      "properties": {
        "name": "Fox Hollow Road",
        "osm_node_ids": [
          410705543,
          3663858520,
          5008539479,
          106089920,
          7816483471,
          106089922,
          106089927,
          3784098873,
          106089929,
          106089933,
          106089937,
          106089941,
          106089943,
          106089946,
          106089950,
          106089956,
          106089958,
          106089961,
          106089967,
          106089969,
          410705407,
          106089980,
          106089982,
          106089995,
          106090002,
          2727942100,
          4503655914,
          106090007,
          106090010,
          4409032312,
          106090016,
          4409032237,
          106090019,
          2727936261,
          3052755259,
          2727936259,
          106090021,
          106090024,
          2727936255,
          106090030,
          106090032,
          106090035,
          105979685
        ],
        "osm_way_ids": [
          261174379,
          261176598
        ]
      },
      "geometry": {
        "type": "LineString",
        "coordinates": [
          [
            -77.8765001,
            40.8284487
          ],
          [
            -77.8763902,
            40.8283987
          ],
          [
            -77.876327,
            40.8283701
          ],
          [
            -77.876225,
            40.828324
          ],
          [
            -77.8749416,
            40.8277563
          ],
          [
            -77.874258,
            40.827454
          ],
          [
            -77.8737691,
            40.8272381
          ],
          [
            -77.8736685,
            40.8271938
          ],
          [
            -77.873018,
            40.82689
          ],
          [
            -77.871781,
            40.826336
          ],
          [
            -77.8708932,
            40.8259115
          ],
          [
            -77.870649,
            40.825765
          ],
          [
            -77.870441,
            40.825631
          ],
          [
            -77.870095,
            40.825392
          ],
          [
            -77.8698701,
            40.8252148
          ],
          [
            -77.86971,
            40.825077
          ],
          [
            -77.8695443,
            40.8249206
          ],
          [
            -77.869192,
            40.824549
          ],
          [
            -77.8686806,
            40.823948
          ],
          [
            -77.86855,
            40.8238
          ],
          [
            -77.8682869,
            40.8234798
          ],
          [
            -77.868164,
            40.823337
          ],
          [
            -77.8680434,
            40.8231959
          ],
          [
            -77.8677833,
            40.8229187
          ],
          [
            -77.867462,
            40.822624
          ],
          [
            -77.8670866,
            40.8223278
          ],
          [
            -77.8666302,
            40.8220187
          ],
          [
            -77.866548,
            40.821963
          ],
          [
            -77.86484,
            40.820947
          ],
          [
            -77.864762,
            40.8209013
          ],
          [
            -77.86383,
            40.820355
          ],
          [
            -77.8633285,
            40.8200824
          ],
          [
            -77.863236,
            40.8200321
          ],
          [
            -77.862955,
            40.8198797
          ],
          [
            -77.8623207,
            40.8195473
          ],
          [
            -77.8612098,
            40.8189668
          ],
          [
            -77.860702,
            40.818699
          ],
          [
            -77.860326,
            40.818523
          ],
          [
            -77.8602251,
            40.818484
          ],
          [
            -77.859584,
            40.818236
          ],
          [
            -77.859268,
            40.818081
          ],
          [
            -77.859053,
            40.817956
          ],
          [
            -77.858886,
            40.817848
          ]
        ]
      }
    },
    {
      "type": "Feature",
      "properties": {
        "name": "Orchard Road",
        "osm_node_ids": [
          105979685,
          105979687,
          105979691,
          4291089868,
          2818027383,
          105979696,
          106222163,
          13312792081,
          106222165,
          106222167,
          106222171,
          106003630,
          106222173,
          106222175,
          2719775980,
          106222177,
          106172792,
          4719388683,
          4409032176,
          106222179,
          600888312,
          4409032194,
          106172801,
          411079369,
          106222183,
          4409032301,
          106139659,
          106222186,
          106222188,
          106222193,
          106222195,
          106080754,
          106222198,
          2719776008,
          4409032285,
          106222200,
          106222202,
          4409032226,
          423557783,
          106222205,
          106222207,
          106222210,
          106222212,
          4409032136,
          4409032133,
          106222214,
          3052494233,
          106222218,
          3052494234,
          7592671955,
          106222221,
          106222223,
          106222224,
          423557320,
          423557304,
          106222229,
          106222231,
          3052483222,
          106222234,
          106222236,
          423557306,
          106222239,
          423557311,
          2782468326,
          106222242,
          4708731631,
          4708731625,
          2667901312,
          4708731630,
          106222244,
          5227269761,
          2700831428,
          2719775972,
          5141751219,
          423557337,
          106222254,
          106222256,
          106222259,
          3052483230,
          106222261,
          106222265,
          106222267,
          4682192940,
          106222270,
          105979103,
          106222272,
          106222274,
          106005284
        ],
        "osm_way_ids": [
          11830403,
          261165125,
          261768233,
          301175676,
          538020117
        ]
      },
      "geometry": {
        "type": "LineString",
        "coordinates": [
          [
            -77.858886,
            40.817848
          ],
          [
            -77.8587905,
            40.817921
          ],
          [
            -77.8587462,
            40.8179663
          ],
          [
            -77.8587044,
            40.8180322
          ],
          [
            -77.8586991,
            40.8180405
          ],
          [
            -77.8586813,
            40.8181333
          ],
          [
            -77.858749,
            40.818378
          ],
          [
            -77.8587517,
            40.818401
          ],
          [
            -77.858759,
            40.818463
          ],
          [
            -77.858756,
            40.818594
          ],
          [
            -77.858714,
            40.818762
          ],
          [
            -77.858686,
            40.818828
          ],
          [
            -77.858674,
            40.818857
          ],
          [
            -77.858555,
            40.81904
          ],
          [
            -77.858541,
            40.8190534
          ],
          [
            -77.858448,
            40.819142
          ],
          [
            -77.8583641,
            40.8192045
          ],
          [
            -77.8582225,
            40.8192972
          ],
          [
            -77.8579811,
            40.8194332
          ],
          [
            -77.857967,
            40.819442
          ],
          [
            -77.8577832,
            40.8195518
          ],
          [
            -77.8576725,
            40.8196188
          ],
          [
            -77.8575198,
            40.8197114
          ],
          [
            -77.8564289,
            40.8203486
          ],
          [
            -77.855876,
            40.8206802
          ],
          [
            -77.8557773,
            40.8207402
          ],
          [
            -77.8552422,
            40.821065
          ],
          [
            -77.8546449,
            40.8214104
          ],
          [
            -77.8545212,
            40.8214652
          ],
          [
            -77.8544258,
            40.8214794
          ],
          [
            -77.854254,
            40.821417
          ],
          [
            -77.854045,
            40.821274
          ],
          [
            -77.853566,
            40.820947
          ],
          [
            -77.8532631,
            40.8207451
          ],
          [
            -77.8528892,
            40.8204959
          ],
          [
            -77.852433,
            40.820192
          ],
          [
            -77.8523236,
            40.8201102
          ],
          [
            -77.8521337,
            40.8199349
          ],
          [
            -77.8521112,
            40.8199141
          ],
          [
            -77.852065,
            40.819872
          ],
          [
            -77.851935,
            40.819745
          ],
          [
            -77.851796,
            40.81959
          ],
          [
            -77.851154,
            40.818845
          ],
          [
            -77.8511317,
            40.8188234
          ],
          [
            -77.8510988,
            40.8187914
          ],
          [
            -77.850847,
            40.818547
          ],
          [
            -77.8506318,
            40.8183696
          ],
          [
            -77.8505115,
            40.8182698
          ],
          [
            -77.8504121,
            40.8181929
          ],
          [
            -77.8503764,
            40.8181651
          ],
          [
            -77.8503147,
            40.8181171
          ],
          [
            -77.8500776,
            40.8179483
          ],
          [
            -77.8497425,
            40.8177326
          ],
          [
            -77.8495663,
            40.8176379
          ],
          [
            -77.8492062,
            40.8174592
          ],
          [
            -77.8490212,
            40.8173827
          ],
          [
            -77.8486317,
            40.8172402
          ],
          [
            -77.8483945,
            40.8171694
          ],
          [
            -77.8481302,
            40.8171019
          ],
          [
            -77.8478898,
            40.8170533
          ],
          [
            -77.8477059,
            40.8170196
          ],
          [
            -77.8473023,
            40.8169578
          ],
          [
            -77.8469039,
            40.8168979
          ],
          [
            -77.8454862,
            40.8166879
          ],
          [
            -77.8437503,
            40.8164268
          ],
          [
            -77.8436581,
            40.8164119
          ],
          [
            -77.8431368,
            40.8163277
          ],
          [
            -77.8427856,
            40.816271
          ],
          [
            -77.8427268,
            40.8162612
          ],
          [
            -77.8414942,
            40.8160557
          ],
          [
            -77.8412098,
            40.8160013
          ],
          [
            -77.8409717,
            40.8159579
          ],
          [
            -77.840569,
            40.8158564
          ],
          [
            -77.8404012,
            40.8158149
          ],
          [
            -77.8400898,
            40.8157266
          ],
          [
            -77.839431,
            40.815586
          ],
          [
            -77.839155,
            40.815516
          ],
          [
            -77.839038,
            40.8154735
          ],
          [
            -77.8389306,
            40.8154275
          ],
          [
            -77.8388308,
            40.8153736
          ],
          [
            -77.8387027,
            40.8152954
          ],
          [
            -77.838649,
            40.8152518
          ],
          [
            -77.8386195,
            40.815199
          ],
          [
            -77.8385706,
            40.8150848
          ],
          [
            -77.8383791,
            40.8146352
          ],
          [
            -77.83828,
            40.814379
          ],
          [
            -77.8382222,
            40.8142622
          ],
          [
            -77.8381787,
            40.814195
          ]
        ]
      }
    },
    {
      "type": "Feature",
      "properties": {
        "name": "Puddintown Road",
        "osm_node_ids": [
          106005284,
          106005281,
          106005278,
          2853744560,
          2853744588,
          2853744566,
          106005273,
          106005271,
          106005268,
          106005266,
          106005262,
          106005260,
          2782468167,
          106005258,
          6880355096,
          110012671,
          2814663707,
          106005253,
          692298294,
          106005250,
          701672513,
          106005247,
          106005245,
          106005243,
          106005237,
          106005235,
          106005233,
          106005231,
          106005227,
          106005225,
          106005223,
          106005221,
          106005217,
          9693892781,
          106005212,
          106005199
        ],
        "osm_way_ids": [
          11832771
        ]
      },
      "geometry": {
        "type": "LineString",
        "coordinates": [
          [
            -77.8381787,
            40.814195
          ],
          [
            -77.8382991,
            40.8141351
          ],
          [
            -77.8384439,
            40.8140534
          ],
          [
            -77.8385479,
            40.8139873
          ],
          [
            -77.8386417,
            40.8139205
          ],
          [
            -77.8387306,
            40.8138538
          ],
          [
            -77.838801,
            40.813782
          ],
          [
            -77.838852,
            40.813709
          ],
          [
            -77.838882,
            40.813627
          ],
          [
            -77.83889,
            40.813573
          ],
          [
            -77.838878,
            40.813397
          ],
          [
            -77.8387769,
            40.8128589
          ],
          [
            -77.8387487,
            40.812719
          ],
          [
            -77.838717,
            40.812505
          ],
          [
            -77.8386726,
            40.8122735
          ],
          [
            -77.8385149,
            40.8114519
          ],
          [
            -77.8384537,
            40.8111891
          ],
          [
            -77.838451,
            40.811174
          ],
          [
            -77.8384056,
            40.8110165
          ],
          [
            -77.838383,
            40.810942
          ],
          [
            -77.8383717,
            40.8109185
          ],
          [
            -77.838329,
            40.81083
          ],
          [
            -77.838235,
            40.810702
          ],
          [
            -77.83819,
            40.810658
          ],
          [
            -77.8380473,
            40.8105527
          ],
          [
            -77.8377948,
            40.8103573
          ],
          [
            -77.837675,
            40.810261
          ],
          [
            -77.837464,
            40.8100724
          ],
          [
            -77.8372897,
            40.8098782
          ],
          [
            -77.8369064,
            40.8093492
          ],
          [
            -77.836832,
            40.809259
          ],
          [
            -77.836743,
            40.809167
          ],
          [
            -77.836318,
            40.8087862
          ],
          [
            -77.8362391,
            40.8086967
          ],
          [
            -77.8361291,
            40.8085528
          ],
          [
            -77.835868,
            40.808135
          ]
        ]
      }
    },
    {
      "type": "Feature",
      "properties": {
        "name": "East College Avenue",
        "osm_node_ids": [
          106005199,
          106163185,
          106132652,
          5208861955,
          5208861924,
          105973263,
          5654527392,
          110330292,
          3110412696,
          9690688055,
          9690688054,
          9690688053,
          9690688052,
          13895673711,
          106259149,
          3110412727,
          3110417039,
          106259153,
          106018814
        ],
        "osm_way_ids": [
          261738190,
          263651469,
          263651489,
          306194857,
          835572250
        ]
      },
      "geometry": {
        "type": "LineString",
        "coordinates": [
          [
            -77.835868,
            40.808135
          ],
          [
            -77.835539,
            40.808283
          ],
          [
            -77.835161,
            40.80846
          ],
          [
            -77.8350938,
            40.8084916
          ],
          [
            -77.8346437,
            40.8087031
          ],
          [
            -77.83418,
            40.808921
          ],
          [
            -77.8338764,
            40.8090671
          ],
          [
            -77.8337664,
            40.80912
          ],
          [
            -77.8335143,
            40.8092417
          ],
          [
            -77.8332724,
            40.809363
          ],
          [
            -77.8332557,
            40.8093716
          ],
          [
            -77.8327817,
            40.8096164
          ],
          [
            -77.832708,
            40.809654
          ],
          [
            -77.8319767,
            40.8100186
          ],
          [
            -77.8319112,
            40.8100512
          ],
          [
            -77.8318478,
            40.8100778
          ],
          [
            -77.8314246,
            40.810299
          ],
          [
            -77.8310929,
            40.8104932
          ],
          [
            -77.8307681,
            40.8106778
          ]
        ]
      }
    },
    {
      "type": "Feature",
      "properties": {
        "name": "Elmwood Street",
        "osm_node_ids": [
          106018814,
          105951239,
          2744065987,
          2744065978,
          105951237,
          105951234,
          2744065997,
          105951230,
          2744065980,
          9693892975,
          106018765,
          13145061994,
          5208861911,
          7799196931,
          5208861921,
          7799196926,
          7799196921,
          7799196916,
          106018773,
          411068642,
          106018780,
          106018782,
          8732873559,
          8732873560,
          8732873561,
          2518412286,
          2518412279,
          106018793,
          106018795,
          106018797,
          3675697005,
          106018799,
          3675697004,
          2744073494,
          2744073495,
          7785608684,
          106018803,
          106018805,
          2849467617,
          106018807,
          106018809,
          110060071
        ],
        "osm_way_ids": [
          11833571,
          35047791,
          35047792,
          35060875,
          269110262,
          269110264,
          443067464
        ]
      },
      "geometry": {
        "type": "LineString",
        "coordinates": [
          [
            -77.8307681,
            40.8106778
          ],
          [
            -77.8306358,
            40.8105862
          ],
          [
            -77.8305993,
            40.8105498
          ],
          [
            -77.830549,
            40.8105067
          ],
          [
            -77.8305024,
            40.8104759
          ],
          [
            -77.8304391,
            40.8104445
          ],
          [
            -77.830337,
            40.8104204
          ],
          [
            -77.8302413,
            40.8104214
          ],
          [
            -77.8299903,
            40.8104112
          ],
          [
            -77.8298519,
            40.8104054
          ],
          [
            -77.8297571,
            40.8103841
          ],
          [
            -77.8297037,
            40.8103823
          ],
          [
            -77.8295699,
            40.8103777
          ],
          [
            -77.8291988,
            40.810365
          ],
          [
            -77.829093,
            40.8103614
          ],
          [
            -77.8288595,
            40.8103534
          ],
          [
            -77.8286774,
            40.8103471
          ],
          [
            -77.8285125,
            40.8103415
          ],
          [
            -77.8272339,
            40.8102983
          ],
          [
            -77.8269919,
            40.8102902
          ],
          [
            -77.8254311,
            40.8102398
          ],
          [
            -77.824813,
            40.810217
          ],
          [
            -77.8242538,
            40.8102039
          ],
          [
            -77.8238847,
            40.8101825
          ],
          [
            -77.8235319,
            40.810151
          ],
          [
            -77.8230161,
            40.8100986
          ],
          [
            -77.8226348,
            40.8100745
          ],
          [
            -77.8222442,
            40.8100707
          ],
          [
            -77.821545,
            40.810071
          ],
          [
            -77.8213848,
            40.8100608
          ],
          [
            -77.8212693,
            40.8100451
          ],
          [
            -77.8211725,
            40.8100231
          ],
          [
            -77.8210741,
            40.809992
          ],
          [
            -77.8210023,
            40.8099635
          ],
          [
            -77.8209381,
            40.8099339
          ],
          [
            -77.8207038,
            40.8097998
          ],
          [
            -77.820657,
            40.809773
          ],
          [
            -77.8204856,
            40.8096801
          ],
          [
            -77.8204456,
            40.8096574
          ],
          [
            -77.8203533,
            40.8096073
          ],
          [
            -77.819746,
            40.8092748
          ],
          [
            -77.8190406,
            40.8088954
          ]
        ]
      }
    },
    {
      "type": "Feature",
      "properties": {
        "name": "East Branch Road",
        "osm_node_ids": [
          110060071,
          110709644,
          9764955380,
          2744073894,
          110709633,
          110709623,
          455043666,
          110709614,
          455043712,
          110709599,
          8732873583,
          8732873582,
          8732873581,
          8732873580,
          8732873579,
          110709562,
          110709556,
          110709550,
          455043711,
          110709541,
          110051623,
          455043710,
          455043705,
          110709525,
          455043713,
          110279275,
          110709517,
          455043708,
          110709506,
          8732873564,
          8732873563,
          9711197113,
          8732873562,
          106247991,
          110709475,
          366639258,
          7846768953,
          106189902,
          106189899,
          3031040595,
          106189897,
          106189894,
          106189891,
          106189889,
          106189887,
          106189884,
          106189882,
          455591443,
          106189879,
          106189874,
          106189872,
          106189869,
          106189866,
          106189864,
          106058820,
          106189861,
          106189859,
          106189857,
          106189853,
          106189851,
          106189849,
          106189847,
          106189844,
          7005102722,
          106189841,
          106189838,
          106163854,
          106189836,
          106189832,
          106189830,
          106163857,
          8944429169,
          8944429168,
          106189826,
          106189824,
          439964760,
          106189822,
          2760033584,
          106090102,
          2760033560,
          106189814,
          2667946198,
          106189810,
          106189808,
          106189806,
          106189804,
          106189802,
          106189800,
          106189797,
          8944429231,
          8944429230,
          106189796,
          106189794,
          106189791,
          106189789,
          7964992758,
          106189787,
          13841981032,
          106189785,
          106078390,
          106189782,
          106189779,
          106189777,
          106189775,
          443416541,
          106189772,
          2707961101,
          106189770,
          106093164,
          106093167,
          106093169,
          106093171,
          2984742264,
          106093175,
          106093180,
          2737378639,
          14095934126,
          3790589169,
          2750535287,
          2737378675,
          106093183
        ],
        "osm_way_ids": [
          11838000,
          32603861,
          32603863,
          204099544,
          204099545,
          204099546,
          204099547,
          268404279,
          269110259,
          269110267,
          749091123,
          1110070521,
          1110070522
        ]
      },
      "geometry": {
        "type": "LineString",
        "coordinates": [
          [
            -77.8190406,
            40.8088954
          ],
          [
            -77.819116,
            40.808789
          ],
          [
            -77.8192935,
            40.8085911
          ],
          [
            -77.8193866,
            40.8084873
          ],
          [
            -77.8195959,
            40.8082535
          ],
          [
            -77.819717,
            40.808108
          ],
          [
            -77.8197365,
            40.8080811
          ],
          [
            -77.819807,
            40.807984
          ],
          [
            -77.819931,
            40.807787
          ],
          [
            -77.819979,
            40.807709
          ],
          [
            -77.8201,
            40.807468
          ],
          [
            -77.820205,
            40.807231
          ],
          [
            -77.820287,
            40.807089
          ],
          [
            -77.820385,
            40.806974
          ],
          [
            -77.8204431,
            40.8069201
          ],
          [
            -77.820524,
            40.806845
          ],
          [
            -77.820761,
            40.806663
          ],
          [
            -77.820906,
            40.80657
          ],
          [
            -77.821111,
            40.806457
          ],
          [
            -77.821255,
            40.806377
          ],
          [
            -77.8215805,
            40.8062302
          ],
          [
            -77.8221215,
            40.8059941
          ],
          [
            -77.8225589,
            40.8058073
          ],
          [
            -77.823218,
            40.805513
          ],
          [
            -77.8233498,
            40.8054452
          ],
          [
            -77.8236012,
            40.8052837
          ],
          [
            -77.823851,
            40.805106
          ],
          [
            -77.824857,
            40.804356
          ],
          [
            -77.824955,
            40.804282
          ],
          [
            -77.8250884,
            40.8041757
          ],
          [
            -77.825181,
            40.804102
          ],
          [
            -77.8258008,
            40.8035991
          ],
          [
            -77.8261552,
            40.8033199
          ],
          [
            -77.826645,
            40.8029464
          ],
          [
            -77.8266667,
            40.8029313
          ],
          [
            -77.827485,
            40.8024268
          ],
          [
            -77.8282884,
            40.8019695
          ],
          [
            -77.828602,
            40.801756
          ],
          [
            -77.82888,
            40.801556
          ],
          [
            -77.8290795,
            40.8013904
          ],
          [
            -77.8291181,
            40.8013554
          ],
          [
            -77.82923,
            40.8012532
          ],
          [
            -77.830117,
            40.800395
          ],
          [
            -77.830292,
            40.800202
          ],
          [
            -77.830465,
            40.799977
          ],
          [
            -77.830752,
            40.799528
          ],
          [
            -77.831062,
            40.799012
          ],
          [
            -77.8310907,
            40.7989559
          ],
          [
            -77.831123,
            40.798893
          ],
          [
            -77.831205,
            40.798634
          ],
          [
            -77.831332,
            40.797582
          ],
          [
            -77.831358,
            40.79746
          ],
          [
            -77.831428,
            40.797242
          ],
          [
            -77.831561,
            40.796973
          ],
          [
            -77.831768,
            40.79663
          ],
          [
            -77.83189,
            40.796465
          ],
          [
            -77.832002,
            40.796336
          ],
          [
            -77.832133,
            40.796216
          ],
          [
            -77.832503,
            40.795923
          ],
          [
            -77.832781,
            40.795691
          ],
          [
            -77.832989,
            40.79547
          ],
          [
            -77.833108,
            40.795323
          ],
          [
            -77.833399,
            40.794928
          ],
          [
            -77.8335124,
            40.7947476
          ],
          [
            -77.83357,
            40.794656
          ],
          [
            -77.83361,
            40.794567
          ],
          [
            -77.8336258,
            40.7945186
          ],
          [
            -77.833639,
            40.794478
          ],
          [
            -77.833658,
            40.794397
          ],
          [
            -77.8336744,
            40.7943155
          ],
          [
            -77.8336836,
            40.7942379
          ],
          [
            -77.8336858,
            40.7941629
          ],
          [
            -77.833681,
            40.7940879
          ],
          [
            -77.833663,
            40.793976
          ],
          [
            -77.833594,
            40.793748
          ],
          [
            -77.833429,
            40.7934024
          ],
          [
            -77.833336,
            40.7932
          ],
          [
            -77.8331387,
            40.7928312
          ],
          [
            -77.8330883,
            40.7927291
          ],
          [
            -77.8330381,
            40.792633
          ],
          [
            -77.8329656,
            40.7924871
          ],
          [
            -77.8327321,
            40.7919943
          ],
          [
            -77.832636,
            40.791822
          ],
          [
            -77.8325595,
            40.7916822
          ],
          [
            -77.8324526,
            40.7914627
          ],
          [
            -77.832382,
            40.791269
          ],
          [
            -77.832341,
            40.791144
          ],
          [
            -77.8323205,
            40.7910535
          ],
          [
            -77.8323076,
            40.790974
          ],
          [
            -77.8323019,
            40.7908717
          ],
          [
            -77.8322937,
            40.7907508
          ],
          [
            -77.8323018,
            40.7906052
          ],
          [
            -77.8323016,
            40.7905632
          ],
          [
            -77.8323142,
            40.790479
          ],
          [
            -77.832358,
            40.790279
          ],
          [
            -77.8324116,
            40.7901443
          ],
          [
            -77.832459,
            40.790025
          ],
          [
            -77.8325891,
            40.7897561
          ],
          [
            -77.832609,
            40.789715
          ],
          [
            -77.83278,
            40.789395
          ],
          [
            -77.832876,
            40.789235
          ],
          [
            -77.833226,
            40.788727
          ],
          [
            -77.833362,
            40.78848
          ],
          [
            -77.833789,
            40.787474
          ],
          [
            -77.8339878,
            40.7870776
          ],
          [
            -77.834014,
            40.787005
          ],
          [
            -77.8340469,
            40.7869249
          ],
          [
            -77.83413,
            40.786723
          ],
          [
            -77.834189,
            40.786547
          ],
          [
            -77.83425,
            40.786364
          ],
          [
            -77.834287,
            40.786206
          ],
          [
            -77.834314,
            40.786083
          ],
          [
            -77.8343299,
            40.7859695
          ],
          [
            -77.8343343,
            40.7859382
          ],
          [
            -77.8343485,
            40.7856406
          ],
          [
            -77.8343557,
            40.785565
          ],
          [
            -77.8343649,
            40.7854562
          ],
          [
            -77.8343753,
            40.7853474
          ],
          [
            -77.8343795,
            40.7852999
          ],
          [
            -77.8343867,
            40.7852356
          ],
          [
            -77.8344016,
            40.7851331
          ]
        ]
      }
    },
    {
      "type": "Feature",
      "properties": {
        "name": "South Atherton Street",
        "osm_node_ids": [
          106093183,
          8975364372,
          2672440216,
          3751944033,
          455591648,
          14095934137,
          14095934133,
          106209553,
          2672440214,
          2744087340,
          14095934170,
          2513288077
        ],
        "osm_way_ids": [
          261178224,
          261637991,
          268404527,
          261637990,
          269114280
        ]
      },
      "geometry": {
        "type": "LineString",
        "coordinates": [
          [
            -77.8344016,
            40.7851331
          ],
          [
            -77.8342683,
            40.7851208
          ],
          [
            -77.8340507,
            40.785102
          ],
          [
            -77.8337668,
            40.7850758
          ],
          [
            -77.83361,
            40.7850634
          ],
          [
            -77.8334685,
            40.785064
          ],
          [
            -77.8333783,
            40.7850699
          ],
          [
            -77.8332333,
            40.7850804
          ],
          [
            -77.8330993,
            40.7850684
          ],
          [
            -77.832719,
            40.7850311
          ],
          [
            -77.8324798,
            40.7850053
          ],
          [
            -77.8322703,
            40.7849771
          ]
        ]
      }
    },
    {
      "type": "Feature",
      "properties": {
        "name": "West Branch Road",
        "osm_node_ids": [
          2513288077,
          7367774617,
          14095934163,
          2513288022,
          2750555886,
          7367774671,
          106195384,
          2750555872,
          2750555876,
          2750555874,
          2750555893,
          2750555898,
          2663725475,
          106195382,
          106195380,
          106195377,
          8026487922,
          106195374,
          106195371,
          106195366,
          106195363,
          2673040104,
          106195355,
          106195350,
          106195348,
          106195345,
          106195343,
          106195341,
          106195338,
          106195334,
          443599389,
          2963331443,
          106195331,
          443599399,
          106195325,
          106195323,
          106195320,
          106195318,
          9727975982,
          106195315,
          106195310,
          106195308,
          106195303,
          106195301,
          9727975979,
          106195299,
          106195297,
          9727975976,
          9727975975,
          9727975973,
          106195291,
          106195287,
          106195285,
          106195282,
          106195281,
          106195278,
          106195275,
          106195273,
          4580633615,
          8038356266,
          106195268,
          106195267,
          106195264,
          106195260,
          106195258,
          106195255,
          106195252,
          106195250,
          4552616586,
          106195247,
          4552616560,
          4686124436,
          106195245,
          4686124437,
          106195242,
          106195239,
          106195237,
          106195235,
          4552616567,
          106195232,
          4686124438,
          106195229,
          4686124439,
          4686124440,
          106195227,
          106195224,
          106195222,
          4686124441,
          106195219,
          4686124442,
          4686124443,
          106195217,
          4686124444,
          106195215,
          106195211,
          4686124445,
          106195209,
          4686124446,
          4686124447,
          106195207,
          106195204,
          106195202,
          106195200,
          106195198,
          4686124448,
          106195194,
          106195190,
          4686124449,
          106195186,
          13991630679,
          106195183,
          4686124450,
          106195181,
          4686124451,
          106195178,
          106195176,
          106195174,
          106195171
        ],
        "osm_way_ids": [
          260810349,
          468165666,
          11844414
        ]
      },
      "geometry": {
        "type": "LineString",
        "coordinates": [
          [
            -77.8322703,
            40.7849771
          ],
          [
            -77.832294,
            40.7848555
          ],
          [
            -77.8323048,
            40.7848023
          ],
          [
            -77.8323898,
            40.7843408
          ],
          [
            -77.8325056,
            40.7838085
          ],
          [
            -77.8325115,
            40.7837597
          ],
          [
            -77.8325315,
            40.7836093
          ],
          [
            -77.8325324,
            40.7834561
          ],
          [
            -77.8325133,
            40.7833597
          ],
          [
            -77.8324829,
            40.7832773
          ],
          [
            -77.8324514,
            40.7832145
          ],
          [
            -77.8324165,
            40.7831412
          ],
          [
            -77.8323765,
            40.7830738
          ],
          [
            -77.8322768,
            40.7829272
          ],
          [
            -77.832168,
            40.782804
          ],
          [
            -77.832101,
            40.782751
          ],
          [
            -77.8316117,
            40.7824631
          ],
          [
            -77.831389,
            40.782332
          ],
          [
            -77.8313,
            40.782258
          ],
          [
            -77.831213,
            40.782143
          ],
          [
            -77.831173,
            40.782044
          ],
          [
            -77.8311153,
            40.7817883
          ],
          [
            -77.831064,
            40.78148
          ],
          [
            -77.830825,
            40.780585
          ],
          [
            -77.830576,
            40.779515
          ],
          [
            -77.830501,
            40.779129
          ],
          [
            -77.830514,
            40.778994
          ],
          [
            -77.830533,
            40.778926
          ],
          [
            -77.831027,
            40.777747
          ],
          [
            -77.831329,
            40.7771
          ],
          [
            -77.8314765,
            40.776725
          ],
          [
            -77.8316832,
            40.7762728
          ],
          [
            -77.8318854,
            40.7757727
          ],
          [
            -77.8320947,
            40.7752835
          ],
          [
            -77.8322456,
            40.774986
          ],
          [
            -77.8323595,
            40.7747173
          ],
          [
            -77.8324203,
            40.7745395
          ],
          [
            -77.832586,
            40.773922
          ],
          [
            -77.8326387,
            40.7737498
          ],
          [
            -77.832732,
            40.7735254
          ],
          [
            -77.8328292,
            40.773322
          ],
          [
            -77.8328986,
            40.7731979
          ],
          [
            -77.8329835,
            40.7730753
          ],
          [
            -77.8333874,
            40.7726356
          ],
          [
            -77.8336415,
            40.7723568
          ],
          [
            -77.833844,
            40.772152
          ],
          [
            -77.8339247,
            40.7720686
          ],
          [
            -77.8340302,
            40.7719785
          ],
          [
            -77.8341394,
            40.7718975
          ],
          [
            -77.834286,
            40.7718078
          ],
          [
            -77.8346016,
            40.771645
          ],
          [
            -77.835051,
            40.771416
          ],
          [
            -77.835669,
            40.771072
          ],
          [
            -77.836448,
            40.77058
          ],
          [
            -77.836709,
            40.770398
          ],
          [
            -77.836975,
            40.770229
          ],
          [
            -77.83712,
            40.770158
          ],
          [
            -77.837406,
            40.769998
          ],
          [
            -77.83791,
            40.7696816
          ],
          [
            -77.8381322,
            40.7695528
          ],
          [
            -77.838572,
            40.769266
          ],
          [
            -77.839227,
            40.768836
          ],
          [
            -77.839457,
            40.768673
          ],
          [
            -77.839643,
            40.768555
          ],
          [
            -77.839887,
            40.768356
          ],
          [
            -77.839986,
            40.768245
          ],
          [
            -77.84022,
            40.767956
          ],
          [
            -77.840395,
            40.767704
          ],
          [
            -77.8405471,
            40.7675053
          ],
          [
            -77.840901,
            40.767043
          ],
          [
            -77.8410936,
            40.7667978
          ],
          [
            -77.8413482,
            40.7664716
          ],
          [
            -77.8414381,
            40.7663517
          ],
          [
            -77.8415045,
            40.7662431
          ],
          [
            -77.8415574,
            40.7661339
          ],
          [
            -77.8415957,
            40.7660308
          ],
          [
            -77.8416164,
            40.765948
          ],
          [
            -77.8416258,
            40.7658525
          ],
          [
            -77.8416204,
            40.7657724
          ],
          [
            -77.8416091,
            40.7657113
          ],
          [
            -77.8415849,
            40.7656255
          ],
          [
            -77.8415447,
            40.7655239
          ],
          [
            -77.8414971,
            40.7654117
          ],
          [
            -77.8414615,
            40.7653187
          ],
          [
            -77.8414361,
            40.7652288
          ],
          [
            -77.841422,
            40.765139
          ],
          [
            -77.841416,
            40.7650562
          ],
          [
            -77.8414206,
            40.7647154
          ],
          [
            -77.8414253,
            40.764334
          ],
          [
            -77.8414173,
            40.764109
          ],
          [
            -77.8413905,
            40.7637311
          ],
          [
            -77.8413844,
            40.763627
          ],
          [
            -77.8413838,
            40.7635356
          ],
          [
            -77.8413918,
            40.7634431
          ],
          [
            -77.8414126,
            40.7633522
          ],
          [
            -77.8414615,
            40.7632425
          ],
          [
            -77.8415474,
            40.7630998
          ],
          [
            -77.8416325,
            40.7629642
          ],
          [
            -77.8417412,
            40.7628063
          ],
          [
            -77.841844,
            40.762669
          ],
          [
            -77.841947,
            40.762536
          ],
          [
            -77.8421133,
            40.7623537
          ],
          [
            -77.842276,
            40.76219
          ],
          [
            -77.8424634,
            40.7620134
          ],
          [
            -77.842682,
            40.761825
          ],
          [
            -77.842853,
            40.761663
          ],
          [
            -77.8429824,
            40.7615264
          ],
          [
            -77.8430528,
            40.761441
          ],
          [
            -77.8431889,
            40.7612557
          ],
          [
            -77.8432374,
            40.7611827
          ],
          [
            -77.8437515,
            40.7604095
          ],
          [
            -77.8438145,
            40.7603023
          ],
          [
            -77.8438581,
            40.7602129
          ],
          [
            -77.8438809,
            40.7601383
          ],
          [
            -77.843893,
            40.7600458
          ],
          [
            -77.8438869,
            40.7599447
          ],
          [
            -77.8438702,
            40.7598493
          ],
          [
            -77.8438098,
            40.7596319
          ]
        ]
      }
    },
    {
      "type": "Feature",
      "properties": {
        "name": "Shingletown Road",
        "osm_node_ids": [
          106195171,
          106195662,
          106195659,
          106195657,
          106195654,
          106195652,
          106195650,
          106195644,
          106195642,
          106195637,
          656987243,
          106195630,
          8842655758,
          106195626,
          106195623,
          106195619,
          106195617,
          106195615,
          106195612,
          106195610,
          106195607,
          106195604,
          106195602,
          106195600,
          106195597,
          4511385059,
          106195594,
          4387656494,
          106195592,
          106195589,
          106195586,
          106195583,
          106195581,
          106195579,
          106195576,
          106195574,
          455494861,
          105983677,
          106195567,
          106195564,
          105970486,
          106195561,
          106195558,
          106195556,
          106195551,
          106195547,
          106195545,
          106195543,
          106195540,
          106195538,
          106195536,
          106195532,
          110482759
        ],
        "osm_way_ids": [
          1056753213,
          1056753191
        ]
      },
      "geometry": {
        "type": "LineString",
        "coordinates": [
          [
            -77.8438098,
            40.7596319
          ],
          [
            -77.8440539,
            40.7595754
          ],
          [
            -77.8442385,
            40.7595278
          ],
          [
            -77.8444895,
            40.7594555
          ],
          [
            -77.844686,
            40.7593925
          ],
          [
            -77.8448846,
            40.7593212
          ],
          [
            -77.8450571,
            40.7592552
          ],
          [
            -77.8452091,
            40.759195
          ],
          [
            -77.8454314,
            40.7591003
          ],
          [
            -77.8455623,
            40.759038
          ],
          [
            -77.8456517,
            40.7589884
          ],
          [
            -77.8459349,
            40.758855
          ],
          [
            -77.8460436,
            40.7587989
          ],
          [
            -77.846317,
            40.758661
          ],
          [
            -77.8471973,
            40.7582046
          ],
          [
            -77.8479371,
            40.7578281
          ],
          [
            -77.848551,
            40.757514
          ],
          [
            -77.8492259,
            40.7571723
          ],
          [
            -77.8498401,
            40.7568511
          ],
          [
            -77.850464,
            40.75653
          ],
          [
            -77.850946,
            40.756288
          ],
          [
            -77.851277,
            40.756127
          ],
          [
            -77.851535,
            40.756008
          ],
          [
            -77.851838,
            40.755879
          ],
          [
            -77.85216,
            40.755745
          ],
          [
            -77.8533672,
            40.7552687
          ],
          [
            -77.853967,
            40.755033
          ],
          [
            -77.8540395,
            40.7550039
          ],
          [
            -77.85443,
            40.754847
          ],
          [
            -77.8553234,
            40.7544916
          ],
          [
            -77.855828,
            40.754285
          ],
          [
            -77.85659,
            40.753942
          ],
          [
            -77.856917,
            40.753792
          ],
          [
            -77.857282,
            40.753623
          ],
          [
            -77.85771,
            40.753428
          ],
          [
            -77.85818,
            40.753209
          ],
          [
            -77.858393,
            40.753112
          ],
          [
            -77.8591079,
            40.7527896
          ],
          [
            -77.859596,
            40.752561
          ],
          [
            -77.860685,
            40.752064
          ],
          [
            -77.862792,
            40.751097
          ],
          [
            -77.863233,
            40.750895
          ],
          [
            -77.863302,
            40.750866
          ],
          [
            -77.863745,
            40.750666
          ],
          [
            -77.864653,
            40.750247
          ],
          [
            -77.864681,
            40.750233
          ],
          [
            -77.865136,
            40.750028
          ],
          [
            -77.866074,
            40.749594
          ],
          [
            -77.86613,
            40.749567
          ],
          [
            -77.8663646,
            40.7494691
          ],
          [
            -77.866608,
            40.7493746
          ],
          [
            -77.8667818,
            40.7493086
          ],
          [
            -77.866974,
            40.7492433
          ]
        ]
      }
    },
    {
      "type": "Feature",
      "properties": {
        "name": "Scott Road",
        "osm_node_ids": [
          110482759,
          110482755,
          110482752,
          3052568740,
          3052568739,
          110482743,
          110482736,
          110482727,
          110482715,
          110482703,
          4686124452,
          110482697,
          110482684,
          110482672
        ],
        "osm_way_ids": [
          1056753189,
          301156164,
          301156161,
          11840540
        ]
      },
      "geometry": {
        "type": "LineString",
        "coordinates": [
          [
            -77.866974,
            40.7492433
          ],
          [
            -77.8674576,
            40.7497022
          ],
          [
            -77.8683137,
            40.7505112
          ],
          [
            -77.8684053,
            40.7505961
          ],
          [
            -77.8684526,
            40.7506427
          ],
          [
            -77.8686089,
            40.7507911
          ],
          [
            -77.8688375,
            40.751012
          ],
          [
            -77.8690601,
            40.7512142
          ],
          [
            -77.8693585,
            40.7514961
          ],
          [
            -77.8694048,
            40.7515251
          ],
          [
            -77.8694551,
            40.7515439
          ],
          [
            -77.8695195,
            40.751549
          ],
          [
            -77.8695946,
            40.7515515
          ],
          [
            -77.8696677,
            40.7515437
          ]
        ]
      }
    },
    {
      "type": "Feature",
      "properties": {
        "name": "West College Avenue",
        "osm_node_ids": [
          110482672,
          106152152,
          106152149,
          106152146,
          106152143,
          9712797570,
          9712797567,
          9712797569,
          9712797571,
          9712797575,
          8013622521,
          8013622501,
          9712797576,
          9712797577,
          9712797578,
          9712797581,
          7430886820,
          9652251013,
          11134137029,
          8186298731,
          8186298733,
          8926938401,
          9712797584,
          9712797585,
          14170520408,
          13629926549,
          13459290635,
          106116912
        ],
        "osm_way_ids": [
          263551717,
          1486877390,
          1486863426,
          1486863425,
          1486863424
        ]
      },
      "geometry": {
        "type": "LineString",
        "coordinates": [
          [
            -77.8696677,
            40.7515437
          ],
          [
            -77.8697797,
            40.7517423
          ],
          [
            -77.869881,
            40.7519033
          ],
          [
            -77.8700392,
            40.7521177
          ],
          [
            -77.870227,
            40.7523412
          ],
          [
            -77.8705575,
            40.7526816
          ],
          [
            -77.8709827,
            40.7530981
          ],
          [
            -77.8714956,
            40.7536015
          ],
          [
            -77.872339,
            40.7544287
          ],
          [
            -77.8730104,
            40.7550872
          ],
          [
            -77.873205,
            40.7552782
          ],
          [
            -77.8734852,
            40.7555533
          ],
          [
            -77.8742459,
            40.7563001
          ],
          [
            -77.874396,
            40.7564474
          ],
          [
            -77.8747924,
            40.7568366
          ],
          [
            -77.8751495,
            40.7571871
          ],
          [
            -77.8752735,
            40.757308
          ],
          [
            -77.8755148,
            40.7575434
          ],
          [
            -77.8755685,
            40.7575958
          ],
          [
            -77.8757826,
            40.7578047
          ],
          [
            -77.8760083,
            40.7580249
          ],
          [
            -77.8765976,
            40.7585999
          ],
          [
            -77.8768834,
            40.7588787
          ],
          [
            -77.8771672,
            40.7591556
          ],
          [
            -77.8772696,
            40.7592568
          ],
          [
            -77.8775141,
            40.7594983
          ],
          [
            -77.8778952,
            40.7598748
          ],
          [
            -77.8779796,
            40.7599581
          ]
        ]
      }
    },
    {
      "type": "Feature",
      "properties": {
        "name": "West Whitehall Road",
        "osm_node_ids": [
          106116912,
          4686364198,
          7430886849,
          4334967533,
          4334967535,
          110442201,
          5655034477,
          4608989560,
          110117687,
          9719271292,
          9719271290,
          9719271288,
          106116895,
          106116887,
          3415335683,
          110320380,
          110320335,
          439941405,
          439941286,
          106116878,
          110464425,
          4113113881,
          7165376412,
          106116866,
          747617054,
          3516209552,
          4689171667,
          4612543886,
          4638776892,
          9820157038,
          783645865
        ],
        "osm_way_ids": [
          866113058,
          866113057,
          435592733,
          594373151,
          783913534,
          263551716,
          263551715,
          469577603,
          475116545,
          469577598
        ]
      },
      "geometry": {
        "type": "LineString",
        "coordinates": [
          [
            -77.8779796,
            40.7599581
          ],
          [
            -77.8778272,
            40.7600361
          ],
          [
            -77.8773298,
            40.7603144
          ],
          [
            -77.8772342,
            40.7603668
          ],
          [
            -77.8770027,
            40.7605002
          ],
          [
            -77.8764746,
            40.7607905
          ],
          [
            -77.8762861,
            40.7608929
          ],
          [
            -77.8751615,
            40.7615038
          ],
          [
            -77.8750103,
            40.7615861
          ],
          [
            -77.874658,
            40.76177
          ],
          [
            -77.873706,
            40.762289
          ],
          [
            -77.8730321,
            40.7626571
          ],
          [
            -77.8717859,
            40.7633212
          ],
          [
            -77.87104,
            40.763743
          ],
          [
            -77.8703591,
            40.7641141
          ],
          [
            -77.8702661,
            40.7641648
          ],
          [
            -77.8701349,
            40.7642343
          ],
          [
            -77.8689601,
            40.7648722
          ],
          [
            -77.8681219,
            40.7653273
          ],
          [
            -77.8675452,
            40.7656432
          ],
          [
            -77.8669417,
            40.7659814
          ],
          [
            -77.8659359,
            40.7665614
          ],
          [
            -77.8658557,
            40.7666097
          ],
          [
            -77.8650065,
            40.767121
          ],
          [
            -77.8639832,
            40.7677315
          ],
          [
            -77.8628793,
            40.7683572
          ],
          [
            -77.8623762,
            40.7686414
          ],
          [
            -77.8616296,
            40.7690529
          ],
          [
            -77.8613418,
            40.7692156
          ],
          [
            -77.8608435,
            40.7694973
          ],
          [
            -77.8607162,
            40.7695692
          ]
        ]
      }
    }
  ]
}
