{
  "type": "FeatureCollection",
  "features": [
    {
      "type": "Feature",
      "geometry": {
        "type": "Polygon",
        "coordinates": [
          [
            [
              -77.88297500031211,
              40.815833999937176
            ],
            [
              -77.8825519998145,
              40.81534800031457
            ],
            [
              -77.88249900011105,
              40.815287999661
            ],
            [
              -77.88247700036973,
              40.815262000312714
            ],
            [
              -77.8822859996757,
              40.81504400025141
            ],
            [
              -77.88150200040138,
              40.81414200014924
            ],
            [
              -77.87684199974649,
              40.80878799980984
            ],
            [
              -77.8767020000044,
              40.80862499994518
            ],
            [
              -77.87423099966081,
              40.805790000212895
            ],
            [
              -77.87408400024603,
              40.805620999793724
            ],
            [
              -77.87389500010015,
              40.805891999710425
            ],
            [
              -77.87388800042744,
              40.805903000100166
            ],
            [
              -77.87385300026735,
              40.805953000241615
            ],
            [
              -77.87382899997789,
              40.805987999774274
            ],
            [
              -77.87379600036594,
              40.805977000078556
            ],
            [
              -77.87290599988809,
              40.805690999870656
            ],
            [
              -77.86963700002646,
              40.80464000024342
            ],
            [
              -77.86920699985615,
              40.80450499968802
            ],
            [
              -77.86814300019932,
              40.806171000254984
            ],
            [
              -77.86759000000538,
              40.80703700008474
            ],
            [
              -77.86751200018757,
              40.80715999986796
            ],
            [
              -77.86725100007166,
              40.807572000156554
            ],
            [
              -77.86380200028498,
              40.80725300021602
            ],
            [
              -77.86367400023845,
              40.80724200005007
            ],
            [
              -77.86324499989307,
              40.807202999694134
            ],
            [
              -77.86147499988141,
              40.80703700008474
            ],
            [
              -77.85906999966006,
              40.806815000048246
            ],
            [
              -77.85662400032913,
              40.80658999999774
            ],
            [
              -77.85395399979389,
              40.806345999878566
            ],
            [
              -77.85238999964658,
              40.80619999973493
            ],
            [
              -77.84905399983779,
              40.805891999710425
            ],
            [
              -77.84802199996803,
              40.805794999965244
            ],
            [
              -77.84394499964434,
              40.80541900026503
            ],
            [
              -77.8436330003731,
              40.805126000105055
            ],
            [
              -77.84351799984705,
              40.80501800006564
            ],
            [
              -77.84330899960969,
              40.80482200012436
            ],
            [
              -77.84214600021868,
              40.80373399980605
            ],
            [
              -77.8418879995775,
              40.80289000013429
            ],
            [
              -77.84152500025266,
              40.80171400033718
            ],
            [
              -77.84135899967299,
              40.8011560000417
            ],
            [
              -77.84131799966511,
              40.80102400008269
            ],
            [
              -77.84094600011943,
              40.79980500003325
            ],
            [
              -77.84086599975349,
              40.79954200023618
            ],
            [
              -77.84062100042942,
              40.79873999984101
            ],
            [
              -77.84048499998698,
              40.79829500030556
            ],
            [
              -77.83993299961793,
              40.79856699986563
            ],
            [
              -77.8376050002878,
              40.79971999992064
            ],
            [
              -77.83703399965216,
              40.799144999820385
            ],
            [
              -77.83659500015933,
              40.79937300022781
            ],
            [
              -77.83642600010491,
              40.79946300033415
            ],
            [
              -77.83639400031788,
              40.799424999805446
            ],
            [
              -77.83629999970822,
              40.7993150000493
            ],
            [
              -77.83617099983681,
              40.79916599979224
            ],
            [
              -77.83610300006474,
              40.79910000024696
            ],
            [
              -77.83600699980526,
              40.799007000034415
            ],
            [
              -77.83577900019964,
              40.79873799986352
            ],
            [
              -77.83557300033532,
              40.79842399993083
            ],
            [
              -77.83505199992841,
              40.797584999752544
            ],
            [
              -77.83501199974543,
              40.79751400029967
            ],
            [
              -77.83484799971392,
              40.79722099992475
            ],
            [
              -77.83471700019265,
              40.79694900028988
            ],
            [
              -77.83457499990244,
              40.79661500032384
            ],
            [
              -77.83448500038908,
              40.796298000133426
            ],
            [
              -77.83445899955149,
              40.79618100010544
            ],
            [
              -77.8344450002061,
              40.796072999792
            ],
            [
              -77.83416999984648,
              40.79614299973815
            ],
            [
              -77.83371799993486,
              40.79625000025151
            ],
            [
              -77.833748999897,
              40.796332999997105
            ],
            [
              -77.83406500026449,
              40.79717399970244
            ],
            [
              -77.83362099985047,
              40.79783199978629
            ],
            [
              -77.8335799998426,
              40.7979039999204
            ],
            [
              -77.83342500003191,
              40.798169999738946
            ],
            [
              -77.83282400015736,
              40.799203000147436
            ],
            [
              -77.83238700031437,
              40.79911200004549
            ],
            [
              -77.83180700035622,
              40.798993000247094
            ],
            [
              -77.83123200042095,
              40.798872000261866
            ],
            [
              -77.8311360001615,
              40.79885199984403
            ],
            [
              -77.83120499975847,
              40.798634000271214
            ],
            [
              -77.83133199998007,
              40.797582000074115
            ],
            [
              -77.83135799991933,
              40.7974599998891
            ],
            [
              -77.83142800023955,
              40.797241999825204
            ],
            [
              -77.83156100030892,
              40.79697299998247
            ],
            [
              -77.83176799999816,
              40.79663000029321
            ],
            [
              -77.83189000019689,
              40.796464999763806
            ],
            [
              -77.83200200034989,
              40.79633599973198
            ],
            [
              -77.83213299987115,
              40.7962160000308
            ],
            [
              -77.832502999767,
              40.79592300004748
            ],
            [
              -77.83278099960134,
              40.79569099989302
            ],
            [
              -77.83298900001381,
              40.79546999968662
            ],
            [
              -77.8331079998395,
              40.79532299972045
            ],
            [
              -77.83339900009263,
              40.79492800000773
            ],
            [
              -77.83352399976611,
              40.79472899970648
            ],
            [
              -77.83348199993331,
              40.7947110001795
            ],
            [
              -77.83332799994751,
              40.794646999706075
            ],
            [
              -77.83294100033322,
              40.79448700029289
            ],
            [
              -77.83288299970859,
              40.79446199998844
            ],
            [
              -77.83153199999661,
              40.79447500033835
            ],
            [
              -77.83153100017171,
              40.79428399980658
            ],
            [
              -77.83153299982153,
              40.794268999987224
            ],
            [
              -77.83153100017171,
              40.79422399982878
            ],
            [
              -77.83203199958882,
              40.7942130002237
            ],
            [
              -77.83098300000063,
              40.79335599997754
            ],
            [
              -77.83096700010708,
              40.79334199967852
            ],
            [
              -77.83100200026719,
              40.79329500011049
            ],
            [
              -77.83104699957471,
              40.79323400018734
            ],
            [
              -77.83146000002658,
              40.79318900000748
            ],
            [
              -77.83143800028529,
              40.79293200029984
            ],
            [
              -77.83143499991222,
              40.79289499984986
            ],
            [
              -77.83129000014726,
              40.79259900026823
            ],
            [
              -77.83039899984452,
              40.79225899966262
            ],
            [
              -77.82828200040156,
              40.791584000171916
            ],
            [
              -77.82788599966813,
              40.79145399973889
            ],
            [
              -77.82785700025411,
              40.79144900026646
            ],
            [
              -77.82701600018005,
              40.79129199991026
            ],
            [
              -77.82493800019685,
              40.79171399967035
            ],
            [
              -77.82349399970013,
              40.79235600014692
            ],
            [
              -77.82260499994551,
              40.79359199971588
            ],
            [
              -77.82145900027294,
              40.79413699993467
            ],
            [
              -77.8211389997075,
              40.79418599970144
            ],
            [
              -77.8210759999583,
              40.794218000168044
            ],
            [
              -77.82091899959946,
              40.794292000252895
            ],
            [
              -77.82060300013028,
              40.79444700020931
            ],
            [
              -77.82033600016658,
              40.79462200014197
            ],
            [
              -77.82027099986925,
              40.79466400022041
            ],
            [
              -77.82023599970915,
              40.79459600017726
            ],
            [
              -77.81971699985039,
              40.7935850002717
            ],
            [
              -77.81970500015483,
              40.792876000088654
            ],
            [
              -77.81966900016981,
              40.79229200012371
            ],
            [
              -77.82043800027384,
              40.79130599996142
            ],
            [
              -77.82055899974935,
              40.791154000122354
            ],
            [
              -77.8207730000096,
              40.790951000327006
            ],
            [
              -77.82113500040785,
              40.79060899990149
            ],
            [
              -77.82015100021866,
              40.79107000025886
            ],
            [
              -77.81892699982997,
              40.78987599969606
            ],
            [
              -77.82139399997561,
              40.788493000200376
            ],
            [
              -77.82141599971692,
              40.78851400014105
            ],
            [
              -77.82198599962932,
              40.789054000220865
            ],
            [
              -77.82226500018687,
              40.789320000132065
            ],
            [
              -77.82261199961819,
              40.789647999997605
            ],
            [
              -77.82199499985015,
              40.790038000258946
            ],
            [
              -77.82191399965929,
              40.79028100002213
            ],
            [
              -77.82272799996915,
              40.79097699967881
            ],
            [
              -77.82274899988555,
              40.7909950002181
            ],
            [
              -77.82280499996206,
              40.790981999866844
            ],
            [
              -77.82413499975765,
              40.79067999993786
            ],
            [
              -77.82713199963271,
              40.79000200001688
            ],
            [
              -77.82892599993379,
              40.790416000262
            ],
            [
              -77.8297360000457,
              40.790879000133266
            ],
            [
              -77.83099200022144,
              40.791595999968855
            ],
            [
              -77.83151399955496,
              40.79178199994483
            ],
            [
              -77.83163499992878,
              40.79137699993257
            ],
            [
              -77.83218899994765,
              40.79095899981476
            ],
            [
              -77.83221700043505,
              40.79093799996719
            ],
            [
              -77.83224099982617,
              40.790920999859026
            ],
            [
              -77.83229400042794,
              40.7908829998816
            ],
            [
              -77.83230000027572,
              40.79091499989986
            ],
            [
              -77.83232700003991,
              40.79107100002306
            ],
            [
              -77.8323410002836,
              40.79114399977169
            ],
            [
              -77.8323830001164,
              40.79127299969034
            ],
            [
              -77.83245099988847,
              40.79143800020158
            ],
            [
              -77.83257499973703,
              40.79169399981638
            ],
            [
              -77.83264500005723,
              40.7918410003366
            ],
            [
              -77.83273700011874,
              40.79202099976696
            ],
            [
              -77.83352700013916,
              40.791839999903885
            ],
            [
              -77.83361599982761,
              40.79180699989819
            ],
            [
              -77.8339520002866,
              40.791682000037156
            ],
            [
              -77.83402199970847,
              40.79146000032947
            ],
            [
              -77.8338190002172,
              40.789834999772246
            ],
            [
              -77.83569499963575,
              40.78767899981148
            ],
            [
              -77.83592099959155,
              40.787545999763
            ],
            [
              -77.83640699983835,
              40.78726200004113
            ],
            [
              -77.83737000011114,
              40.78669900018498
            ],
            [
              -77.83763200005197,
              40.78615000009488
            ],
            [
              -77.83774400020495,
              40.78591900032086
            ],
            [
              -77.83752699957166,
              40.78578200009297
            ],
            [
              -77.83599099991174,
              40.786126999729404
            ],
            [
              -77.83419300031102,
              40.78653199979542
            ],
            [
              -77.83425000021242,
              40.78636399983104
            ],
            [
              -77.83428700002234,
              40.78620599985726
            ],
            [
              -77.83431399978652,
              40.78608300001347
            ],
            [
              -77.83433499970292,
              40.78598900008992
            ],
            [
              -77.83430799993874,
              40.785949000328074
            ],
            [
              -77.8341999999837,
              40.78578500030456
            ],
            [
              -77.83412299999081,
              40.78566800011494
            ],
            [
              -77.83398800027159,
              40.7854630001751
            ],
            [
              -77.83376099959257,
              40.78511600010227
            ],
            [
              -77.83358900006343,
              40.78485399978693
            ],
            [
              -77.83354100038287,
              40.78474699995278
            ],
            [
              -77.8335039996746,
              40.78469800002207
            ],
            [
              -77.83329699998538,
              40.784366000052664
            ],
            [
              -77.83319900007609,
              40.78422900002204
            ],
            [
              -77.83310299981662,
              40.78409199970881
            ],
            [
              -77.83309500031902,
              40.784079999916145
            ],
            [
              -77.83304000006743,
              40.78400099998003
            ],
            [
              -77.83294399980797,
              40.78386499974937
            ],
            [
              -77.83290399962499,
              40.783808000180024
            ],
            [
              -77.83276700025596,
              40.78360600025033
            ],
            [
              -77.83275700021021,
              40.78359100005935
            ],
            [
              -77.83279800021809,
              40.78356800016797
            ],
            [
              -77.83468600023052,
              40.78252100014012
            ],
            [
              -77.8348119997289,
              40.78245100011678
            ],
            [
              -77.83498800035431,
              40.78264700013222
            ],
            [
              -77.83503100001201,
              40.78262200013122
            ],
            [
              -77.83539300041026,
              40.782407999900684
            ],
            [
              -77.83572999979583,
              40.782210000065
            ],
            [
              -77.83635499995982,
              40.78184100009474
            ],
            [
              -77.83658400028868,
              40.781706000107725
            ],
            [
              -77.83718599998811,
              40.781198000075925
            ],
            [
              -77.83858799975373,
              40.78038899968555
            ],
            [
              -77.84358999981708,
              40.777476999809664
            ],
            [
              -77.84374600035102,
              40.77762499979605
            ],
            [
              -77.84426699985958,
              40.77813199998487
            ],
            [
              -77.84519199959922,
              40.77901600002394
            ],
            [
              -77.84602400035075,
              40.77981500011489
            ],
            [
              -77.84634300019299,
              40.78010599989733
            ],
            [
              -77.84651399989721,
              40.7802740000468
            ],
            [
              -77.84660099993586,
              40.78036199966403
            ],
            [
              -77.84683000026472,
              40.78058700018807
            ],
            [
              -77.84692099960299,
              40.78067599999157
            ],
            [
              -77.8470269999082,
              40.78061500003975
            ],
            [
              -77.84750300010926,
              40.78034899995208
            ],
            [
              -77.84782500032453,
              40.78017800020776
            ],
            [
              -77.84799500020385,
              40.780365000120455
            ],
            [
              -77.848130999748,
              40.78051000002498
            ],
            [
              -77.84813400012104,
              40.78052999984626
            ],
            [
              -77.8481469996415,
              40.78062400001386
            ],
            [
              -77.84815800041048,
              40.78070700024665
            ],
            [
              -77.84817799960364,
              40.78072500016873
            ],
            [
              -77.8485340001541,
              40.78105699997277
            ],
            [
              -77.84874800041436,
              40.781255999756524
            ],
            [
              -77.8492220000673,
              40.78169800018553
            ],
            [
              -77.8494980002518,
              40.781953999938395
            ],
            [
              -77.84952099981803,
              40.781976999708476
            ],
            [
              -77.85115699993536,
              40.781103000126194
            ],
            [
              -77.85234399961581,
              40.780462000293376
            ],
            [
              -77.85306900023723,
              40.78007300018243
            ],
            [
              -77.85162899993846,
              40.778609999749236
            ],
            [
              -77.85126800026345,
              40.77824200014424
            ],
            [
              -77.85140999965536,
              40.77815299980055
            ],
            [
              -77.85161899989272,
              40.77801899976136
            ],
            [
              -77.85196899969709,
              40.777818999839646
            ],
            [
              -77.85228099986664,
              40.77764199990668
            ],
            [
              -77.85262599964813,
              40.77748099968493
            ],
            [
              -77.85290100000773,
              40.777330000144815
            ],
            [
              -77.85454100032302,
              40.77630400014514
            ],
            [
              -77.85492000043972,
              40.776081000059214
            ],
            [
              -77.85496499974724,
              40.776054000327434
            ],
            [
              -77.85350799973006,
              40.774713999854264
            ],
            [
              -77.85315999957551,
              40.774391999794524
            ],
            [
              -77.85306699968909,
              40.77429500028195
            ],
            [
              -77.85228300041477,
              40.773539999676565
            ],
            [
              -77.852089000246,
              40.77335599969205
            ],
            [
              -77.85188699968131,
              40.77316699970985
            ],
            [
              -77.8521389995764,
              40.773009999672134
            ],
            [
              -77.85247699968521,
              40.77280200000418
            ],
            [
              -77.85316299994855,
              40.7723789997567
            ],
            [
              -77.8538280002955,
              40.77298300005296
            ],
            [
              -77.85396700021268,
              40.77290799999482
            ],
            [
              -77.85410899960459,
              40.77281199971533
            ],
            [
              -77.85418099957461,
              40.772776000340045
            ],
            [
              -77.85428299968186,
              40.77272599970142
            ],
            [
              -77.85441400010144,
              40.772663999891314
            ],
            [
              -77.8546879997378,
              40.772468999716416
            ],
            [
              -77.8544760000257,
              40.772327000087195
            ],
            [
              -77.85462099979067,
              40.77226099971545
            ],
            [
              -77.85510000036477,
              40.77204900022184
            ],
            [
              -77.85522000001538,
              40.7718349999443
            ],
            [
              -77.855235000084,
              40.77183399989052
            ],
            [
              -77.8551150004334,
              40.7716749999922
            ],
            [
              -77.8520259995985,
              40.76757900012095
            ],
            [
              -77.85200100038246,
              40.767581999794004
            ],
            [
              -77.85150699973973,
              40.76765000028447
            ],
            [
              -77.8409519999672,
              40.76901500004433
            ],
            [
              -77.83845700023247,
              40.76933799972138
            ],
            [
              -77.83570800005454,
              40.76969399999418
            ],
            [
              -77.83201800024341,
              40.77141699996377
            ],
            [
              -77.83143400008733,
              40.77169100020886
            ],
            [
              -77.81793799961791,
              40.77799200013701
            ],
            [
              -77.81647399992802,
              40.77867699988679
            ],
            [
              -77.81478500010724,
              40.77946300008859
            ],
            [
              -77.81334200033375,
              40.780137999667055
            ],
            [
              -77.80994799990033,
              40.78172199994922
            ],
            [
              -77.80898499962754,
              40.782170999965906
            ],
            [
              -77.80868199967885,
              40.78231400021719
            ],
            [
              -77.80295999991527,
              40.78498599992964
            ],
            [
              -77.80238800035306,
              40.78525199981174
            ],
            [
              -77.80125299965282,
              40.78578200009297
            ],
            [
              -77.80106699987998,
              40.78586999989451
            ],
            [
              -77.80074100036506,
              40.78602099974599
            ],
            [
              -77.8006669998469,
              40.786056000266115
            ],
            [
              -77.80053899980038,
              40.78611699998201
            ],
            [
              -77.80045099993683,
              40.786158000161
            ],
            [
              -77.7961460000075,
              40.78816800017473
            ],
            [
              -77.7959290002725,
              40.788214999971295
            ],
            [
              -77.79328999969941,
              40.788797999949594
            ],
            [
              -77.79322299975226,
              40.788813000324794
            ],
            [
              -77.7926050001593,
              40.78894899994472
            ],
            [
              -77.78173700039234,
              40.791348000097216
            ],
            [
              -77.78135599972751,
              40.791432000289134
            ],
            [
              -77.78141299962891,
              40.79214499992194
            ],
            [
              -77.78141500017705,
              40.792180999682195
            ],
            [
              -77.78167799994279,
              40.79550999983391
            ],
            [
              -77.78198599991437,
              40.79945699978684
            ],
            [
              -77.78285399975259,
              40.81036999968215
            ],
            [
              -77.78295000001204,
              40.811617999971816
            ],
            [
              -77.78127299988684,
              40.81216200028314
            ],
            [
              -77.78152899997987,
              40.814671000194046
            ],
            [
              -77.77744300033362,
              40.81637300003818
            ],
            [
              -77.7759340004379,
              40.816997999741446
            ],
            [
              -77.77476799977552,
              40.81748100005467
            ],
            [
              -77.77370599976854,
              40.81792299999876
            ],
            [
              -77.76698100044753,
              40.820720000146835
            ],
            [
              -77.76056099982674,
              40.82338900012013
            ],
            [
              -77.76039599997029,
              40.82345799985031
            ],
            [
              -77.75365400003254,
              40.82626000000387
            ],
            [
              -77.75533700000553,
              40.82729300023616
            ],
            [
              -77.7566159997475,
              40.828078000073496
            ],
            [
              -77.76354000015846,
              40.832313999827164
            ],
            [
              -77.76393199979562,
              40.83255400032334
            ],
            [
              -77.76843099989372,
              40.83784900025546
            ],
            [
              -77.77050200020423,
              40.84028699979423
            ],
            [
              -77.7756320003141,
              40.84632400027325
            ],
            [
              -77.77608199967759,
              40.84685400009922
            ],
            [
              -77.77649299958134,
              40.847339999886096
            ],
            [
              -77.77802699959142,
              40.84914299987653
            ],
            [
              -77.77973300002897,
              40.84897899971967
            ],
            [
              -77.78088700009745,
              40.84886899990083
            ],
            [
              -77.79260900035726,
              40.84774399988752
            ],
            [
              -77.79403899971196,
              40.84760700020679
            ],
            [
              -77.7960410004255,
              40.84741500012299
            ],
            [
              -77.80552099977224,
              40.84387400003696
            ],
            [
              -77.80827900017103,
              40.84284299990098
            ],
            [
              -77.80836000036189,
              40.842812000121135
            ],
            [
              -77.81574599983188,
              40.84004900019953
            ],
            [
              -77.81787700041686,
              40.839261000217185
            ],
            [
              -77.81843200026064,
              40.83904300019961
            ],
            [
              -77.81919799999162,
              40.83875899994923
            ],
            [
              -77.82061099962787,
              40.838231999831216
            ],
            [
              -77.82697900037014,
              40.8358489997207
            ],
            [
              -77.82867999988649,
              40.83521299997707
            ],
            [
              -77.82895400042119,
              40.835286000109065
            ],
            [
              -77.83274899981429,
              40.836300000174866
            ],
            [
              -77.83329799981028,
              40.83644600000351
            ],
            [
              -77.83386600007287,
              40.83659899985604
            ],
            [
              -77.83410000042458,
              40.83666099977569
            ],
            [
              -77.83420099980862,
              40.836688000007584
            ],
            [
              -77.83557300033532,
              40.83705599983154
            ],
            [
              -77.84213199997498,
              40.83880500021594
            ],
            [
              -77.8428669997438,
              40.83900099966492
            ],
            [
              -77.84839699988676,
              40.84047900014089
            ],
            [
              -77.85008200040791,
              40.839271999831226
            ],
            [
              -77.85058399964991,
              40.83891100017714
            ],
            [
              -77.85172199982489,
              40.83809899981767
            ],
            [
              -77.8557149995847,
              40.835225000041504
            ],
            [
              -77.85866600032732,
              40.83311399991504
            ],
            [
              -77.86978000014159,
              40.82513800009252
            ],
            [
              -77.8718999999576,
              40.823632000151505
            ],
            [
              -77.87439499969233,
              40.821857999709366
            ],
            [
              -77.87497700019861,
              40.82143099995544
            ],
            [
              -77.87570500029476,
              40.820923999991
            ],
            [
              -77.8779330000658,
              40.81936900004222
            ],
            [
              -77.8791669996019,
              40.818504000071876
            ],
            [
              -77.88196199981061,
              40.81654499976931
            ],
            [
              -77.88241000042258,
              40.81622999971674
            ],
            [
              -77.88297500031211,
              40.815833999937176
            ]
          ]
        ]
      },
      "properties": {
        "NAME": "College township",
        "GEOID": "4202715136"
      }
    },
    {
      "type": "Feature",
      "geometry": {
        "type": "Polygon",
        "coordinates": [
          [
            [
              -77.88621099966348,
              40.799335999967376
            ],
            [
              -77.88630100007515,
              40.799229999989265
            ],
            [
              -77.88565199962173,
              40.79891100007324
            ],
            [
              -77.88524599974087,
              40.7987120001507
            ],
            [
              -77.88537200013756,
              40.79833100013129
            ],
            [
              -77.88539399987887,
              40.79825600013227
            ],
            [
              -77.8854659998489,
              40.79803700030291
            ],
            [
              -77.88570100002553,
              40.797317000289844
            ],
            [
              -77.88534899967303,
              40.79724599987023
            ],
            [
              -77.88287700040283,
              40.79677799976386
            ],
            [
              -77.883305000025,
              40.795797000081784
            ],
            [
              -77.88337899964483,
              40.79541499995483
            ],
            [
              -77.88337399962197,
              40.7951600001083
            ],
            [
              -77.88328300028368,
              40.794853999951684
            ],
            [
              -77.88317000030578,
              40.794554000055854
            ],
            [
              -77.88292099988544,
              40.794131999984174
            ],
            [
              -77.88272800043991,
              40.79386700002982
            ],
            [
              -77.88242299994307,
              40.793528999931176
            ],
            [
              -77.88207200031378,
              40.79317899996333
            ],
            [
              -77.88161000035643,
              40.792712000170035
            ],
            [
              -77.88142899970815,
              40.792571999769706
            ],
            [
              -77.8809819998194,
              40.79229700021277
            ],
            [
              -77.8793979995806,
              40.79132399973141
            ],
            [
              -77.87925500036377,
              40.79122099984817
            ],
            [
              -77.87915599973125,
              40.79114999971023
            ],
            [
              -77.87888999959249,
              40.790897999785805
            ],
            [
              -77.8781790001131,
              40.790091000126395
            ],
            [
              -77.87805799973927,
              40.78992700013
            ],
            [
              -77.87795300015729,
              40.78978399994774
            ],
            [
              -77.87780800039232,
              40.789588999697536
            ],
            [
              -77.8768280004011,
              40.78815100003754
            ],
            [
              -77.87637399994134,
              40.787816000206774
            ],
            [
              -77.87624199969687,
              40.78776200006983
            ],
            [
              -77.87590100011333,
              40.787622000114794
            ],
            [
              -77.87559300014175,
              40.78751199984591
            ],
            [
              -77.87510299969698,
              40.787432000092416
            ],
            [
              -77.87475500044076,
              40.7874189997238
            ],
            [
              -77.87464499993759,
              40.78741700008541
            ],
            [
              -77.87409799959141,
              40.78749299990468
            ],
            [
              -77.87382099958198,
              40.78756600018619
            ],
            [
              -77.8736880004109,
              40.787600999892035
            ],
            [
              -77.87337700006628,
              40.787733999830365
            ],
            [
              -77.87335399960175,
              40.78774199970567
            ],
            [
              -77.87266300021385,
              40.788108000111166
            ],
            [
              -77.87261999965781,
              40.788133999896
            ],
            [
              -77.8722520003101,
              40.78784900015553
            ],
            [
              -77.87184200023127,
              40.787530999781744
            ],
            [
              -77.87125600042536,
              40.78707600032667
            ],
            [
              -77.87102299989854,
              40.78689700024121
            ],
            [
              -77.87079799976765,
              40.78672400001167
            ],
            [
              -77.87044600031346,
              40.78644999987397
            ],
            [
              -77.87021500033477,
              40.78627299981453
            ],
            [
              -77.86997500013526,
              40.786087000050685
            ],
            [
              -77.86981699995151,
              40.78596499982762
            ],
            [
              -77.86947999966762,
              40.78569400017489
            ],
            [
              -77.8696329998285,
              40.78556600014763
            ],
            [
              -77.86974199960844,
              40.78547700009488
            ],
            [
              -77.87029300015259,
              40.78501599967814
            ],
            [
              -77.87040799978031,
              40.78491999989107
            ],
            [
              -77.87058299968248,
              40.78477299969317
            ],
            [
              -77.87078799972191,
              40.78460000005214
            ],
            [
              -77.87113099985358,
              40.78431299969697
            ],
            [
              -77.87127999981648,
              40.784188000012534
            ],
            [
              -77.87133900026603,
              40.78413899966935
            ],
            [
              -77.87158100011537,
              40.783936000194615
            ],
            [
              -77.8717810001319,
              40.78376799978477
            ],
            [
              -77.87210099979906,
              40.78350100020249
            ],
            [
              -77.87219299986056,
              40.783424000016545
            ],
            [
              -77.87227099967836,
              40.783356999905756
            ],
            [
              -77.87237699998357,
              40.78326900017536
            ],
            [
              -77.8724709996949,
              40.783189999954786
            ],
            [
              -77.87262499968068,
              40.78306099997809
            ],
            [
              -77.87270699969645,
              40.78299199972954
            ],
            [
              -77.87280600032898,
              40.78290900031151
            ],
            [
              -77.87288400014678,
              40.782844000137544
            ],
            [
              -77.87312699982103,
              40.78264100010563
            ],
            [
              -77.87325800024058,
              40.782529999855974
            ],
            [
              -77.87360200019717,
              40.78224300007858
            ],
            [
              -77.87391600001654,
              40.782577000241716
            ],
            [
              -77.8741319999266,
              40.78247199992748
            ],
            [
              -77.87458700021126,
              40.78220699969192
            ],
            [
              -77.87449199977671,
              40.782101000253896
            ],
            [
              -77.87400800007805,
              40.78152799974073
            ],
            [
              -77.87395000035173,
              40.78146400016477
            ],
            [
              -77.87483599973329,
              40.78095700023921
            ],
            [
              -77.87403499984222,
              40.78011699979866
            ],
            [
              -77.87382700032808,
              40.78022899992698
            ],
            [
              -77.87244099955768,
              40.780977999842044
            ],
            [
              -77.87236899958765,
              40.78090900015039
            ],
            [
              -77.87191000000334,
              40.78042900007511
            ],
            [
              -77.87098699991353,
              40.77947500003517
            ],
            [
              -77.8704849997732,
              40.778956999801345
            ],
            [
              -77.87024200009894,
              40.778706999764026
            ],
            [
              -77.86930800013849,
              40.77773800000958
            ],
            [
              -77.86830300003291,
              40.77670299968483
            ],
            [
              -77.86969599957769,
              40.77590500024986
            ],
            [
              -77.87013199959578,
              40.77565300029865
            ],
            [
              -77.87007300004454,
              40.775593999810226
            ],
            [
              -77.86695099959769,
              40.77247499998156
            ],
            [
              -77.86674700028152,
              40.77227200023549
            ],
            [
              -77.86668100015926,
              40.7722059998091
            ],
            [
              -77.86664299962612,
              40.77217799981456
            ],
            [
              -77.86547500021224,
              40.7710010002076
            ],
            [
              -77.86289799956343,
              40.76842700005809
            ],
            [
              -77.86076699987677,
              40.76959199998865
            ],
            [
              -77.85977400036506,
              40.77013599979619
            ],
            [
              -77.85973800038005,
              40.770154999940345
            ],
            [
              -77.85952699959455,
              40.77027100016548
            ],
            [
              -77.85862299977131,
              40.77077699994039
            ],
            [
              -77.85843500034863,
              40.77058499988789
            ],
            [
              -77.85821900043857,
              40.77036599995855
            ],
            [
              -77.85685199993476,
              40.77110600028549
            ],
            [
              -77.85665100009331,
              40.7711859999743
            ],
            [
              -77.85616800021955,
              40.771461999930125
            ],
            [
              -77.85554300005558,
              40.77182099987031
            ],
            [
              -77.85532499959737,
              40.77181600028052
            ],
            [
              -77.855235000084,
              40.77183399989052
            ],
            [
              -77.85522000001538,
              40.7718349999443
            ],
            [
              -77.85510000036477,
              40.77204900022184
            ],
            [
              -77.85462099979067,
              40.77226099971545
            ],
            [
              -77.8544760000257,
              40.772327000087195
            ],
            [
              -77.8546879997378,
              40.772468999716416
            ],
            [
              -77.85441400010144,
              40.772663999891314
            ],
            [
              -77.85428299968186,
              40.77272599970142
            ],
            [
              -77.85418099957461,
              40.772776000340045
            ],
            [
              -77.85410899960459,
              40.77281199971533
            ],
            [
              -77.85396700021268,
              40.77290799999482
            ],
            [
              -77.8538280002955,
              40.77298300005296
            ],
            [
              -77.85316299994855,
              40.7723789997567
            ],
            [
              -77.85247699968521,
              40.77280200000418
            ],
            [
              -77.8521389995764,
              40.773009999672134
            ],
            [
              -77.85188699968131,
              40.77316699970985
            ],
            [
              -77.852089000246,
              40.77335599969205
            ],
            [
              -77.85228300041477,
              40.773539999676565
            ],
            [
              -77.85306699968909,
              40.77429500028195
            ],
            [
              -77.85315999957551,
              40.774391999794524
            ],
            [
              -77.85350799973006,
              40.774713999854264
            ],
            [
              -77.85496499974724,
              40.776054000327434
            ],
            [
              -77.85492000043972,
              40.776081000059214
            ],
            [
              -77.85454100032302,
              40.77630400014514
            ],
            [
              -77.85290100000773,
              40.777330000144815
            ],
            [
              -77.85262599964813,
              40.77748099968493
            ],
            [
              -77.85228099986664,
              40.77764199990668
            ],
            [
              -77.85196899969709,
              40.777818999839646
            ],
            [
              -77.85161899989272,
              40.77801899976136
            ],
            [
              -77.85140999965536,
              40.77815299980055
            ],
            [
              -77.85126800026345,
              40.77824200014424
            ],
            [
              -77.85162899993846,
              40.778609999749236
            ],
            [
              -77.85306900023723,
              40.78007300018243
            ],
            [
              -77.85234399961581,
              40.780462000293376
            ],
            [
              -77.85115699993536,
              40.781103000126194
            ],
            [
              -77.84952099981803,
              40.781976999708476
            ],
            [
              -77.8494980002518,
              40.781953999938395
            ],
            [
              -77.8492220000673,
              40.78169800018553
            ],
            [
              -77.84874800041436,
              40.781255999756524
            ],
            [
              -77.8485340001541,
              40.78105699997277
            ],
            [
              -77.84817799960364,
              40.78072500016873
            ],
            [
              -77.84815800041048,
              40.78070700024665
            ],
            [
              -77.8481469996415,
              40.78062400001386
            ],
            [
              -77.84813400012104,
              40.78052999984626
            ],
            [
              -77.848130999748,
              40.78051000002498
            ],
            [
              -77.84799500020385,
              40.780365000120455
            ],
            [
              -77.84782500032453,
              40.78017800020776
            ],
            [
              -77.84750300010926,
              40.78034899995208
            ],
            [
              -77.8470269999082,
              40.78061500003975
            ],
            [
              -77.84692099960299,
              40.78067599999157
            ],
            [
              -77.84683000026472,
              40.78058700018807
            ],
            [
              -77.84660099993586,
              40.78036199966403
            ],
            [
              -77.84651399989721,
              40.7802740000468
            ],
            [
              -77.84634300019299,
              40.78010599989733
            ],
            [
              -77.84602400035075,
              40.77981500011489
            ],
            [
              -77.84519199959922,
              40.77901600002394
            ],
            [
              -77.84426699985958,
              40.77813199998487
            ],
            [
              -77.84374600035102,
              40.77762499979605
            ],
            [
              -77.84358999981708,
              40.777476999809664
            ],
            [
              -77.83858799975373,
              40.78038899968555
            ],
            [
              -77.83718599998811,
              40.781198000075925
            ],
            [
              -77.83658400028868,
              40.781706000107725
            ],
            [
              -77.83635499995982,
              40.78184100009474
            ],
            [
              -77.83572999979583,
              40.782210000065
            ],
            [
              -77.83539300041026,
              40.782407999900684
            ],
            [
              -77.83503100001201,
              40.78262200013122
            ],
            [
              -77.83498800035431,
              40.78264700013222
            ],
            [
              -77.8348119997289,
              40.78245100011678
            ],
            [
              -77.83468600023052,
              40.78252100014012
            ],
            [
              -77.83279800021809,
              40.78356800016797
            ],
            [
              -77.83275700021021,
              40.78359100005935
            ],
            [
              -77.83276700025596,
              40.78360600025033
            ],
            [
              -77.83290399962499,
              40.783808000180024
            ],
            [
              -77.83294399980797,
              40.78386499974937
            ],
            [
              -77.83304000006743,
              40.78400099998003
            ],
            [
              -77.83309500031902,
              40.784079999916145
            ],
            [
              -77.83310299981662,
              40.78409199970881
            ],
            [
              -77.83319900007609,
              40.78422900002204
            ],
            [
              -77.83329699998538,
              40.784366000052664
            ],
            [
              -77.8335039996746,
              40.78469800002207
            ],
            [
              -77.83354100038287,
              40.78474699995278
            ],
            [
              -77.83358900006343,
              40.78485399978693
            ],
            [
              -77.83376099959257,
              40.78511600010227
            ],
            [
              -77.83398800027159,
              40.7854630001751
            ],
            [
              -77.83412299999081,
              40.78566800011494
            ],
            [
              -77.8341999999837,
              40.78578500030456
            ],
            [
              -77.83430799993874,
              40.785949000328074
            ],
            [
              -77.83433499970292,
              40.78598900008992
            ],
            [
              -77.83431399978652,
              40.78608300001347
            ],
            [
              -77.83428700002234,
              40.78620599985726
            ],
            [
              -77.83425000021242,
              40.78636399983104
            ],
            [
              -77.83419300031102,
              40.78653199979542
            ],
            [
              -77.83599099991174,
              40.786126999729404
            ],
            [
              -77.83752699957166,
              40.78578200009297
            ],
            [
              -77.83774400020495,
              40.78591900032086
            ],
            [
              -77.83763200005197,
              40.78615000009488
            ],
            [
              -77.83737000011114,
              40.78669900018498
            ],
            [
              -77.83640699983835,
              40.78726200004113
            ],
            [
              -77.83592099959155,
              40.787545999763
            ],
            [
              -77.83569499963575,
              40.78767899981148
            ],
            [
              -77.8338190002172,
              40.789834999772246
            ],
            [
              -77.83402199970847,
              40.79146000032947
            ],
            [
              -77.8339520002866,
              40.791682000037156
            ],
            [
              -77.83361599982761,
              40.79180699989819
            ],
            [
              -77.83352700013916,
              40.791839999903885
            ],
            [
              -77.83273700011874,
              40.79202099976696
            ],
            [
              -77.83264500005723,
              40.7918410003366
            ],
            [
              -77.83257499973703,
              40.79169399981638
            ],
            [
              -77.83245099988847,
              40.79143800020158
            ],
            [
              -77.8323830001164,
              40.79127299969034
            ],
            [
              -77.8323410002836,
              40.79114399977169
            ],
            [
              -77.83232700003991,
              40.79107100002306
            ],
            [
              -77.83230000027572,
              40.79091499989986
            ],
            [
              -77.83229400042794,
              40.7908829998816
            ],
            [
              -77.83224099982617,
              40.790920999859026
            ],
            [
              -77.83221700043505,
              40.79093799996719
            ],
            [
              -77.83218899994765,
              40.79095899981476
            ],
            [
              -77.83163499992878,
              40.79137699993257
            ],
            [
              -77.83151399955496,
              40.79178199994483
            ],
            [
              -77.83099200022144,
              40.791595999968855
            ],
            [
              -77.8297360000457,
              40.790879000133266
            ],
            [
              -77.82892599993379,
              40.790416000262
            ],
            [
              -77.82713199963271,
              40.79000200001688
            ],
            [
              -77.82413499975765,
              40.79067999993786
            ],
            [
              -77.82280499996206,
              40.790981999866844
            ],
            [
              -77.82274899988555,
              40.7909950002181
            ],
            [
              -77.82272799996915,
              40.79097699967881
            ],
            [
              -77.82191399965929,
              40.79028100002213
            ],
            [
              -77.82199499985015,
              40.790038000258946
            ],
            [
              -77.82261199961819,
              40.789647999997605
            ],
            [
              -77.82226500018687,
              40.789320000132065
            ],
            [
              -77.82198599962932,
              40.789054000220865
            ],
            [
              -77.82141599971692,
              40.78851400014105
            ],
            [
              -77.82139399997561,
              40.788493000200376
            ],
            [
              -77.81892699982997,
              40.78987599969606
            ],
            [
              -77.82015100021866,
              40.79107000025886
            ],
            [
              -77.82113500040785,
              40.79060899990149
            ],
            [
              -77.8207730000096,
              40.790951000327006
            ],
            [
              -77.82055899974935,
              40.791154000122354
            ],
            [
              -77.82043800027384,
              40.79130599996142
            ],
            [
              -77.81966900016981,
              40.79229200012371
            ],
            [
              -77.81970500015483,
              40.792876000088654
            ],
            [
              -77.81971699985039,
              40.7935850002717
            ],
            [
              -77.82023599970915,
              40.79459600017726
            ],
            [
              -77.82027099986925,
              40.79466400022041
            ],
            [
              -77.82033600016658,
              40.79462200014197
            ],
            [
              -77.82060300013028,
              40.79444700020931
            ],
            [
              -77.82091899959946,
              40.794292000252895
            ],
            [
              -77.8210759999583,
              40.794218000168044
            ],
            [
              -77.8211389997075,
              40.79418599970144
            ],
            [
              -77.82145900027294,
              40.79413699993467
            ],
            [
              -77.82260499994551,
              40.79359199971588
            ],
            [
              -77.82349399970013,
              40.79235600014692
            ],
            [
              -77.82493800019685,
              40.79171399967035
            ],
            [
              -77.82701600018005,
              40.79129199991026
            ],
            [
              -77.82785700025411,
              40.79144900026646
            ],
            [
              -77.82788599966813,
              40.79145399973889
            ],
            [
              -77.82828200040156,
              40.791584000171916
            ],
            [
              -77.83039899984452,
              40.79225899966262
            ],
            [
              -77.83129000014726,
              40.79259900026823
            ],
            [
              -77.83143499991222,
              40.79289499984986
            ],
            [
              -77.83143800028529,
              40.79293200029984
            ],
            [
              -77.83146000002658,
              40.79318900000748
            ],
            [
              -77.83104699957471,
              40.79323400018734
            ],
            [
              -77.83100200026719,
              40.79329500011049
            ],
            [
              -77.83096700010708,
              40.79334199967852
            ],
            [
              -77.83098300000063,
              40.79335599997754
            ],
            [
              -77.83203199958882,
              40.7942130002237
            ],
            [
              -77.83153100017171,
              40.79422399982878
            ],
            [
              -77.83153299982153,
              40.794268999987224
            ],
            [
              -77.83153100017171,
              40.79428399980658
            ],
            [
              -77.83153199999661,
              40.79447500033835
            ],
            [
              -77.83288299970859,
              40.79446199998844
            ],
            [
              -77.83294100033322,
              40.79448700029289
            ],
            [
              -77.83332799994751,
              40.794646999706075
            ],
            [
              -77.83348199993331,
              40.7947110001795
            ],
            [
              -77.83352399976611,
              40.79472899970648
            ],
            [
              -77.83339900009263,
              40.79492800000773
            ],
            [
              -77.8331079998395,
              40.79532299972045
            ],
            [
              -77.83298900001381,
              40.79546999968662
            ],
            [
              -77.83278099960134,
              40.79569099989302
            ],
            [
              -77.832502999767,
              40.79592300004748
            ],
            [
              -77.83213299987115,
              40.7962160000308
            ],
            [
              -77.83200200034989,
              40.79633599973198
            ],
            [
              -77.83189000019689,
              40.796464999763806
            ],
            [
              -77.83176799999816,
              40.79663000029321
            ],
            [
              -77.83156100030892,
              40.79697299998247
            ],
            [
              -77.83142800023955,
              40.797241999825204
            ],
            [
              -77.83135799991933,
              40.7974599998891
            ],
            [
              -77.83133199998007,
              40.797582000074115
            ],
            [
              -77.83120499975847,
              40.798634000271214
            ],
            [
              -77.8311360001615,
              40.79885199984403
            ],
            [
              -77.83123200042095,
              40.798872000261866
            ],
            [
              -77.83180700035622,
              40.798993000247094
            ],
            [
              -77.83238700031437,
              40.79911200004549
            ],
            [
              -77.83282400015736,
              40.799203000147436
            ],
            [
              -77.83342500003191,
              40.798169999738946
            ],
            [
              -77.8335799998426,
              40.7979039999204
            ],
            [
              -77.83362099985047,
              40.79783199978629
            ],
            [
              -77.83406500026449,
              40.79717399970244
            ],
            [
              -77.833748999897,
              40.796332999997105
            ],
            [
              -77.83371799993486,
              40.79625000025151
            ],
            [
              -77.83416999984648,
              40.79614299973815
            ],
            [
              -77.8344450002061,
              40.796072999792
            ],
            [
              -77.83445899955149,
              40.79618100010544
            ],
            [
              -77.83448500038908,
              40.796298000133426
            ],
            [
              -77.83457499990244,
              40.79661500032384
            ],
            [
              -77.83471700019265,
              40.79694900028988
            ],
            [
              -77.83484799971392,
              40.79722099992475
            ],
            [
              -77.83501199974543,
              40.79751400029967
            ],
            [
              -77.83505199992841,
              40.797584999752544
            ],
            [
              -77.83557300033532,
              40.79842399993083
            ],
            [
              -77.83577900019964,
              40.79873799986352
            ],
            [
              -77.83600699980526,
              40.799007000034415
            ],
            [
              -77.83610300006474,
              40.79910000024696
            ],
            [
              -77.83617099983681,
              40.79916599979224
            ],
            [
              -77.83629999970822,
              40.7993150000493
            ],
            [
              -77.83639400031788,
              40.799424999805446
            ],
            [
              -77.83642600010491,
              40.79946300033415
            ],
            [
              -77.83659500015933,
              40.79937300022781
            ],
            [
              -77.83703399965216,
              40.799144999820385
            ],
            [
              -77.8376050002878,
              40.79971999992064
            ],
            [
              -77.83993299961793,
              40.79856699986563
            ],
            [
              -77.84048499998698,
              40.79829500030556
            ],
            [
              -77.84062100042942,
              40.79873999984101
            ],
            [
              -77.84086599975349,
              40.79954200023618
            ],
            [
              -77.84094600011943,
              40.79980500003325
            ],
            [
              -77.84131799966511,
              40.80102400008269
            ],
            [
              -77.84135899967299,
              40.8011560000417
            ],
            [
              -77.84152500025266,
              40.80171400033718
            ],
            [
              -77.8418879995775,
              40.80289000013429
            ],
            [
              -77.84214600021868,
              40.80373399980605
            ],
            [
              -77.84330899960969,
              40.80482200012436
            ],
            [
              -77.84351799984705,
              40.80501800006564
            ],
            [
              -77.8436330003731,
              40.805126000105055
            ],
            [
              -77.84394499964434,
              40.80541900026503
            ],
            [
              -77.84802199996803,
              40.805794999965244
            ],
            [
              -77.84905399983779,
              40.805891999710425
            ],
            [
              -77.85238999964658,
              40.80619999973493
            ],
            [
              -77.85395399979389,
              40.806345999878566
            ],
            [
              -77.85662400032913,
              40.80658999999774
            ],
            [
              -77.85906999966006,
              40.806815000048246
            ],
            [
              -77.86147499988141,
              40.80703700008474
            ],
            [
              -77.86324499989307,
              40.807202999694134
            ],
            [
              -77.86367400023845,
              40.80724200005007
            ],
            [
              -77.86380200028498,
              40.80725300021602
            ],
            [
              -77.86725100007166,
              40.807572000156554
            ],
            [
              -77.86751200018757,
              40.80715999986796
            ],
            [
              -77.86759000000538,
              40.80703700008474
            ],
            [
              -77.86814300019932,
              40.806171000254984
            ],
            [
              -77.86920699985615,
              40.80450499968802
            ],
            [
              -77.86963700002646,
              40.80464000024342
            ],
            [
              -77.87290599988809,
              40.805690999870656
            ],
            [
              -77.87379600036594,
              40.805977000078556
            ],
            [
              -77.87382899997789,
              40.805987999774274
            ],
            [
              -77.87385300026735,
              40.805953000241615
            ],
            [
              -77.87388800042744,
              40.805903000100166
            ],
            [
              -77.87389500010015,
              40.805891999710425
            ],
            [
              -77.87408400024603,
              40.805620999793724
            ],
            [
              -77.87440100043844,
              40.80516500032168
            ],
            [
              -77.87502400005428,
              40.80426799974109
            ],
            [
              -77.8753289996528,
              40.80435099966103
            ],
            [
              -77.87607000016773,
              40.804555000202754
            ],
            [
              -77.87626299961326,
              40.80389400005148
            ],
            [
              -77.87672700011876,
              40.80232299977339
            ],
            [
              -77.8768559999902,
              40.80186500019801
            ],
            [
              -77.87686500021103,
              40.80183300001752
            ],
            [
              -77.87692100028752,
              40.801807999759525
            ],
            [
              -77.87738200041998,
              40.80159999983184
            ],
            [
              -77.87833100044907,
              40.80118999977224
            ],
            [
              -77.87871700023844,
              40.80101000004071
            ],
            [
              -77.8790319998827,
              40.800868000225414
            ],
            [
              -77.88031499982263,
              40.800276000116675
            ],
            [
              -77.88087399986435,
              40.80001700002383
            ],
            [
              -77.88088700028315,
              40.80001100020659
            ],
            [
              -77.88132099975311,
              40.79981400012681
            ],
            [
              -77.8820039996434,
              40.799497999889155
            ],
            [
              -77.88204100035165,
              40.800482000188325
            ],
            [
              -77.88239199998092,
              40.800482000188325
            ],
            [
              -77.882395000354,
              40.80053299995552
            ],
            [
              -77.88239799982871,
              40.80057099984985
            ],
            [
              -77.88241600027038,
              40.800875000261726
            ],
            [
              -77.88242200011817,
              40.80097300001278
            ],
            [
              -77.88242299994307,
              40.80099499970105
            ],
            [
              -77.88268099968592,
              40.80088999994853
            ],
            [
              -77.88279399966382,
              40.80083600024427
            ],
            [
              -77.88291400021274,
              40.800779999900094
            ],
            [
              -77.88359499955489,
              40.80049300011476
            ],
            [
              -77.8843040002828,
              40.80021000031498
            ],
            [
              -77.88446099974331,
              40.80014899994537
            ],
            [
              -77.88513199993804,
              40.79988299989679
            ],
            [
              -77.88574000038359,
              40.799593999681434
            ],
            [
              -77.88616899983067,
              40.79939000021189
            ],
            [
              -77.88614100024158,
              40.79936400007446
            ],
            [
              -77.88621099966348,
              40.799335999967376
            ]
          ]
        ]
      },
      "properties": {
        "NAME": "State College borough",
        "GEOID": "4202773808"
      }
    },
    {
      "type": "Feature",
      "geometry": {
        "type": "Polygon",
        "coordinates": [
          [
            [
              -78.08526299983072,
              40.73091999968404
            ],
            [
              -78.08509499960122,
              40.73087300020299
            ],
            [
              -78.08440599986314,
              40.73068099993589
            ],
            [
              -78.06144000009273,
              40.72439200030429
            ],
            [
              -78.06075200017956,
              40.724204000077286
            ],
            [
              -78.06033399970481,
              40.72408899989397
            ],
            [
              -78.0563350000972,
              40.72299100024439
            ],
            [
              -78.05045599997483,
              40.721382000085384
            ],
            [
              -78.02536299981737,
              40.71441899995723
            ],
            [
              -78.02463600044447,
              40.71421900000995
            ],
            [
              -78.016886999853,
              40.71206899974295
            ],
            [
              -78.01095699967696,
              40.7104229997216
            ],
            [
              -78.01073900011708,
              40.71036300028509
            ],
            [
              -78.00221100027413,
              40.70783600002497
            ],
            [
              -78.00104799998482,
              40.70749099984904
            ],
            [
              -77.99813599960025,
              40.70662799992522
            ],
            [
              -77.99787399965942,
              40.706550000219785
            ],
            [
              -77.99761400026675,
              40.70647300009797
            ],
            [
              -77.99726799976203,
              40.70637099980842
            ],
            [
              -77.99334000029953,
              40.70520699986094
            ],
            [
              -77.98731700023708,
              40.70353199977304
            ],
            [
              -77.97872200044701,
              40.70115400018056
            ],
            [
              -77.96301699957482,
              40.6968030002187
            ],
            [
              -77.94900100032004,
              40.69288199982453
            ],
            [
              -77.94897100018282,
              40.692874000111544
            ],
            [
              -77.94425000032687,
              40.69155699996
            ],
            [
              -77.94418300037972,
              40.69159099991631
            ],
            [
              -77.94412200028034,
              40.69162200016186
            ],
            [
              -77.9440770000745,
              40.691641000261264
            ],
            [
              -77.93260400023505,
              40.69699400031444
            ],
            [
              -77.92313599968554,
              40.7018050001244
            ],
            [
              -77.9159860002171,
              40.70527399975098
            ],
            [
              -77.90464100042416,
              40.71073399998592
            ],
            [
              -77.90225200009633,
              40.71194399969007
            ],
            [
              -77.90008700007446,
              40.71301200020517
            ],
            [
              -77.89871799992082,
              40.71373800016202
            ],
            [
              -77.89686699971833,
              40.714752999823524
            ],
            [
              -77.89611699988087,
              40.715149999998665
            ],
            [
              -77.89431000005932,
              40.716190999938284
            ],
            [
              -77.8942819995719,
              40.716202999732815
            ],
            [
              -77.8592200003462,
              40.730819000077496
            ],
            [
              -77.83142999988937,
              40.74111600007924
            ],
            [
              -77.83141499982075,
              40.741121999771785
            ],
            [
              -77.83410999957202,
              40.7445739997058
            ],
            [
              -77.84314200010341,
              40.75614099982706
            ],
            [
              -77.84544199984448,
              40.75909099968916
            ],
            [
              -77.84716900019842,
              40.761328999883105
            ],
            [
              -77.85103399991172,
              40.766330999877276
            ],
            [
              -77.85200100038246,
              40.767581999794004
            ],
            [
              -77.8520259995985,
              40.76757900012095
            ],
            [
              -77.8551150004334,
              40.7716749999922
            ],
            [
              -77.855235000084,
              40.77183399989052
            ],
            [
              -77.85532499959737,
              40.77181600028052
            ],
            [
              -77.85554300005558,
              40.77182099987031
            ],
            [
              -77.85616800021955,
              40.771461999930125
            ],
            [
              -77.85665100009331,
              40.7711859999743
            ],
            [
              -77.85685199993476,
              40.77110600028549
            ],
            [
              -77.85821900043857,
              40.77036599995855
            ],
            [
              -77.85843500034863,
              40.77058499988789
            ],
            [
              -77.85862299977131,
              40.77077699994039
            ],
            [
              -77.85952699959455,
              40.77027100016548
            ],
            [
              -77.85973800038005,
              40.770154999940345
            ],
            [
              -77.85977400036506,
              40.77013599979619
            ],
            [
              -77.86076699987677,
              40.76959199998865
            ],
            [
              -77.86289799956343,
              40.76842700005809
            ],
            [
              -77.86547500021224,
              40.7710010002076
            ],
            [
              -77.86664299962612,
              40.77217799981456
            ],
            [
              -77.86668100015926,
              40.7722059998091
            ],
            [
              -77.86674700028152,
              40.77227200023549
            ],
            [
              -77.86695099959769,
              40.77247499998156
            ],
            [
              -77.87007300004454,
              40.775593999810226
            ],
            [
              -77.87013199959578,
              40.77565300029865
            ],
            [
              -77.86969599957769,
              40.77590500024986
            ],
            [
              -77.86830300003291,
              40.77670299968483
            ],
            [
              -77.86930800013849,
              40.77773800000958
            ],
            [
              -77.87024200009894,
              40.778706999764026
            ],
            [
              -77.8704849997732,
              40.778956999801345
            ],
            [
              -77.87098699991353,
              40.77947500003517
            ],
            [
              -77.87191000000334,
              40.78042900007511
            ],
            [
              -77.87236899958765,
              40.78090900015039
            ],
            [
              -77.87244099955768,
              40.780977999842044
            ],
            [
              -77.87382700032808,
              40.78022899992698
            ],
            [
              -77.87403499984222,
              40.78011699979866
            ],
            [
              -77.87483599973329,
              40.78095700023921
            ],
            [
              -77.87395000035173,
              40.78146400016477
            ],
            [
              -77.87400800007805,
              40.78152799974073
            ],
            [
              -77.87449199977671,
              40.782101000253896
            ],
            [
              -77.87458700021126,
              40.78220699969192
            ],
            [
              -77.8741319999266,
              40.78247199992748
            ],
            [
              -77.87391600001654,
              40.782577000241716
            ],
            [
              -77.87360200019717,
              40.78224300007858
            ],
            [
              -77.87325800024058,
              40.782529999855974
            ],
            [
              -77.87312699982103,
              40.78264100010563
            ],
            [
              -77.87288400014678,
              40.782844000137544
            ],
            [
              -77.87280600032898,
              40.78290900031151
            ],
            [
              -77.87270699969645,
              40.78299199972954
            ],
            [
              -77.87262499968068,
              40.78306099997809
            ],
            [
              -77.8724709996949,
              40.783189999954786
            ],
            [
              -77.87237699998357,
              40.78326900017536
            ],
            [
              -77.87227099967836,
              40.783356999905756
            ],
            [
              -77.87219299986056,
              40.783424000016545
            ],
            [
              -77.87210099979906,
              40.78350100020249
            ],
            [
              -77.8717810001319,
              40.78376799978477
            ],
            [
              -77.87158100011537,
              40.783936000194615
            ],
            [
              -77.87133900026603,
              40.78413899966935
            ],
            [
              -77.87127999981648,
              40.784188000012534
            ],
            [
              -77.87113099985358,
              40.78431299969697
            ],
            [
              -77.87078799972191,
              40.78460000005214
            ],
            [
              -77.87058299968248,
              40.78477299969317
            ],
            [
              -77.87040799978031,
              40.78491999989107
            ],
            [
              -77.87029300015259,
              40.78501599967814
            ],
            [
              -77.86974199960844,
              40.78547700009488
            ],
            [
              -77.8696329998285,
              40.78556600014763
            ],
            [
              -77.86947999966762,
              40.78569400017489
            ],
            [
              -77.86981699995151,
              40.78596499982762
            ],
            [
              -77.86997500013526,
              40.786087000050685
            ],
            [
              -77.87021500033477,
              40.78627299981453
            ],
            [
              -77.87044600031346,
              40.78644999987397
            ],
            [
              -77.87079799976765,
              40.78672400001167
            ],
            [
              -77.87102299989854,
              40.78689700024121
            ],
            [
              -77.87125600042536,
              40.78707600032667
            ],
            [
              -77.87184200023127,
              40.787530999781744
            ],
            [
              -77.8722520003101,
              40.78784900015553
            ],
            [
              -77.87261999965781,
              40.788133999896
            ],
            [
              -77.87266300021385,
              40.788108000111166
            ],
            [
              -77.87335399960175,
              40.78774199970567
            ],
            [
              -77.87337700006628,
              40.787733999830365
            ],
            [
              -77.8736880004109,
              40.787600999892035
            ],
            [
              -77.87382099958198,
              40.78756600018619
            ],
            [
              -77.87409799959141,
              40.78749299990468
            ],
            [
              -77.87464499993759,
              40.78741700008541
            ],
            [
              -77.87475500044076,
              40.7874189997238
            ],
            [
              -77.87510299969698,
              40.787432000092416
            ],
            [
              -77.87559300014175,
              40.78751199984591
            ],
            [
              -77.87590100011333,
              40.787622000114794
            ],
            [
              -77.87624199969687,
              40.78776200006983
            ],
            [
              -77.87637399994134,
              40.787816000206774
            ],
            [
              -77.8768280004011,
              40.78815100003754
            ],
            [
              -77.87780800039232,
              40.789588999697536
            ],
            [
              -77.87795300015729,
              40.78978399994774
            ],
            [
              -77.87805799973927,
              40.78992700013
            ],
            [
              -77.8781790001131,
              40.790091000126395
            ],
            [
              -77.87888999959249,
              40.790897999785805
            ],
            [
              -77.87915599973125,
              40.79114999971023
            ],
            [
              -77.87925500036377,
              40.79122099984817
            ],
            [
              -77.8793979995806,
              40.79132399973141
            ],
            [
              -77.8809819998194,
              40.79229700021277
            ],
            [
              -77.88142899970815,
              40.792571999769706
            ],
            [
              -77.88161000035643,
              40.792712000170035
            ],
            [
              -77.88207200031378,
              40.79317899996333
            ],
            [
              -77.88242299994307,
              40.793528999931176
            ],
            [
              -77.88272800043991,
              40.79386700002982
            ],
            [
              -77.88292099988544,
              40.794131999984174
            ],
            [
              -77.88317000030578,
              40.794554000055854
            ],
            [
              -77.88328300028368,
              40.794853999951684
            ],
            [
              -77.88337399962197,
              40.7951600001083
            ],
            [
              -77.88337899964483,
              40.79541499995483
            ],
            [
              -77.883305000025,
              40.795797000081784
            ],
            [
              -77.88287700040283,
              40.79677799976386
            ],
            [
              -77.88534899967303,
              40.79724599987023
            ],
            [
              -77.88570100002553,
              40.797317000289844
            ],
            [
              -77.8854659998489,
              40.79803700030291
            ],
            [
              -77.88539399987887,
              40.79825600013227
            ],
            [
              -77.88537200013756,
              40.79833100013129
            ],
            [
              -77.88524599974087,
              40.7987120001507
            ],
            [
              -77.88565199962173,
              40.79891100007324
            ],
            [
              -77.88630100007515,
              40.799229999989265
            ],
            [
              -77.88621099966348,
              40.799335999967376
            ],
            [
              -77.88614100024158,
              40.79936400007446
            ],
            [
              -77.88616899983067,
              40.79939000021189
            ],
            [
              -77.88574000038359,
              40.799593999681434
            ],
            [
              -77.88513199993804,
              40.79988299989679
            ],
            [
              -77.88446099974331,
              40.80014899994537
            ],
            [
              -77.8843040002828,
              40.80021000031498
            ],
            [
              -77.88359499955489,
              40.80049300011476
            ],
            [
              -77.88291400021274,
              40.800779999900094
            ],
            [
              -77.88279399966382,
              40.80083600024427
            ],
            [
              -77.88268099968592,
              40.80088999994853
            ],
            [
              -77.88242299994307,
              40.80099499970105
            ],
            [
              -77.88242200011817,
              40.80097300001278
            ],
            [
              -77.88241600027038,
              40.800875000261726
            ],
            [
              -77.88239799982871,
              40.80057099984985
            ],
            [
              -77.882395000354,
              40.80053299995552
            ],
            [
              -77.88239199998092,
              40.800482000188325
            ],
            [
              -77.88204100035165,
              40.800482000188325
            ],
            [
              -77.8820039996434,
              40.799497999889155
            ],
            [
              -77.88132099975311,
              40.79981400012681
            ],
            [
              -77.88088700028315,
              40.80001100020659
            ],
            [
              -77.88087399986435,
              40.80001700002383
            ],
            [
              -77.88031499982263,
              40.800276000116675
            ],
            [
              -77.8790319998827,
              40.800868000225414
            ],
            [
              -77.87871700023844,
              40.80101000004071
            ],
            [
              -77.87833100044907,
              40.80118999977224
            ],
            [
              -77.87738200041998,
              40.80159999983184
            ],
            [
              -77.87692100028752,
              40.801807999759525
            ],
            [
              -77.87686500021103,
              40.80183300001752
            ],
            [
              -77.8768559999902,
              40.80186500019801
            ],
            [
              -77.87672700011876,
              40.80232299977339
            ],
            [
              -77.87626299961326,
              40.80389400005148
            ],
            [
              -77.87607000016773,
              40.804555000202754
            ],
            [
              -77.8753289996528,
              40.80435099966103
            ],
            [
              -77.87502400005428,
              40.80426799974109
            ],
            [
              -77.87440100043844,
              40.80516500032168
            ],
            [
              -77.87408400024603,
              40.805620999793724
            ],
            [
              -77.87423099966081,
              40.805790000212895
            ],
            [
              -77.8767020000044,
              40.80862499994518
            ],
            [
              -77.87684199974649,
              40.80878799980984
            ],
            [
              -77.88150200040138,
              40.81414200014924
            ],
            [
              -77.8822859996757,
              40.81504400025141
            ],
            [
              -77.88247700036973,
              40.815262000312714
            ],
            [
              -77.88249900011105,
              40.815287999661
            ],
            [
              -77.8825519998145,
              40.81534800031457
            ],
            [
              -77.88297500031211,
              40.815833999937176
            ],
            [
              -77.8836149996464,
              40.81536899991861
            ],
            [
              -77.8842339999626,
              40.814921000125196
            ],
            [
              -77.8863250003646,
              40.81339999978418
            ],
            [
              -77.88716800008847,
              40.812786000107145
            ],
            [
              -77.8883330000276,
              40.81194099984474
            ],
            [
              -77.89080099999816,
              40.81014699976049
            ],
            [
              -77.89097300042562,
              40.81002199975713
            ],
            [
              -77.89131499983407,
              40.809774000048776
            ],
            [
              -77.89148399988845,
              40.809651999835644
            ],
            [
              -77.89404700029358,
              40.80779099980346
            ],
            [
              -77.89540399985334,
              40.806802000075166
            ],
            [
              -77.89653600018053,
              40.805977000078556
            ],
            [
              -77.89679800012135,
              40.805790000212895
            ],
            [
              -77.89893499965581,
              40.804262000308164
            ],
            [
              -77.90086000037645,
              40.80288399989679
            ],
            [
              -77.90132099961059,
              40.80255699973222
            ],
            [
              -77.90141799969497,
              40.802488000021896
            ],
            [
              -77.90240100005924,
              40.80178199988921
            ],
            [
              -77.90526200039018,
              40.799736999815856
            ],
            [
              -77.90536199994929,
              40.79966099973046
            ],
            [
              -77.90680700027092,
              40.79863000030977
            ],
            [
              -77.90708299955715,
              40.798433000211624
            ],
            [
              -77.90727099987811,
              40.79829799995177
            ],
            [
              -77.90821999990719,
              40.7976200002978
            ],
            [
              -77.90868299968946,
              40.79728899999931
            ],
            [
              -77.90999900013966,
              40.79634399993102
            ],
            [
              -77.9118600003879,
              40.79501399984058
            ],
            [
              -77.91239900033816,
              40.79462700005556
            ],
            [
              -77.9132899997426,
              40.79399600009868
            ],
            [
              -77.91446700027562,
              40.79315099996781
            ],
            [
              -77.91538899964222,
              40.79248800033996
            ],
            [
              -77.91742599961755,
              40.79103300013143
            ],
            [
              -77.9189150003201,
              40.78996899977784
            ],
            [
              -77.9210419998088,
              40.7884450001167
            ],
            [
              -77.92282400041434,
              40.78717000007195
            ],
            [
              -77.92745900005656,
              40.783856000214406
            ],
            [
              -77.93050399961221,
              40.781678000035775
            ],
            [
              -77.93909199972958,
              40.77553399995159
            ],
            [
              -77.93938200015782,
              40.775447000060346
            ],
            [
              -77.95150199990256,
              40.771746999916296
            ],
            [
              -77.96956500024214,
              40.76624300004403
            ],
            [
              -77.97038299985164,
              40.76599200032802
            ],
            [
              -77.97916799961253,
              40.76331300008674
            ],
            [
              -77.97972199963141,
              40.76314600009638
            ],
            [
              -77.99455799994215,
              40.7586219999034
            ],
            [
              -78.00626400030842,
              40.75505199974024
            ],
            [
              -78.00919599988616,
              40.75415899986635
            ],
            [
              -78.03045699994226,
              40.747675999966916
            ],
            [
              -78.03073399995168,
              40.747590999830784
            ],
            [
              -78.03092499974738,
              40.74753200028893
            ],
            [
              -78.03093800016617,
              40.74752799997203
            ],
            [
              -78.0359109999172,
              40.746009000055636
            ],
            [
              -78.06516300041412,
              40.73702499992155
            ],
            [
              -78.08526299983072,
              40.73091999968404
            ]
          ]
        ]
      },
      "properties": {
        "NAME": "Ferguson township",
        "GEOID": "4202725624"
      }
    },
    {
      "type": "Feature",
      "geometry": {
        "type": "Polygon",
        "coordinates": [
          [
            [
              -77.99818199963102,
              40.82093199994544
            ],
            [
              -77.9883940003127,
              40.81343799979006
            ],
            [
              -77.98772700031591,
              40.81292700014361
            ],
            [
              -77.9866920000731,
              40.81213500026292
            ],
            [
              -77.98381499984863,
              40.8099300000502
            ],
            [
              -77.96436399998716,
              40.7950270000824
            ],
            [
              -77.94974799978444,
              40.78382599994193
            ],
            [
              -77.93909199972958,
              40.77553399995159
            ],
            [
              -77.93050399961221,
              40.781678000035775
            ],
            [
              -77.92745900005656,
              40.783856000214406
            ],
            [
              -77.92282400041434,
              40.78717000007195
            ],
            [
              -77.9210419998088,
              40.7884450001167
            ],
            [
              -77.9189150003201,
              40.78996899977784
            ],
            [
              -77.91742599961755,
              40.79103300013143
            ],
            [
              -77.91538899964222,
              40.79248800033996
            ],
            [
              -77.91446700027562,
              40.79315099996781
            ],
            [
              -77.9132899997426,
              40.79399600009868
            ],
            [
              -77.91239900033816,
              40.79462700005556
            ],
            [
              -77.9118600003879,
              40.79501399984058
            ],
            [
              -77.90999900013966,
              40.79634399993102
            ],
            [
              -77.90868299968946,
              40.79728899999931
            ],
            [
              -77.90821999990719,
              40.7976200002978
            ],
            [
              -77.90727099987811,
              40.79829799995177
            ],
            [
              -77.90708299955715,
              40.798433000211624
            ],
            [
              -77.90680700027092,
              40.79863000030977
            ],
            [
              -77.90536199994929,
              40.79966099973046
            ],
            [
              -77.90526200039018,
              40.799736999815856
            ],
            [
              -77.90240100005924,
              40.80178199988921
            ],
            [
              -77.90141799969497,
              40.802488000021896
            ],
            [
              -77.90132099961059,
              40.80255699973222
            ],
            [
              -77.90086000037645,
              40.80288399989679
            ],
            [
              -77.89893499965581,
              40.804262000308164
            ],
            [
              -77.89679800012135,
              40.805790000212895
            ],
            [
              -77.89653600018053,
              40.805977000078556
            ],
            [
              -77.89540399985334,
              40.806802000075166
            ],
            [
              -77.89404700029358,
              40.80779099980346
            ],
            [
              -77.89148399988845,
              40.809651999835644
            ],
            [
              -77.89131499983407,
              40.809774000048776
            ],
            [
              -77.89097300042562,
              40.81002199975713
            ],
            [
              -77.89080099999816,
              40.81014699976049
            ],
            [
              -77.8883330000276,
              40.81194099984474
            ],
            [
              -77.88716800008847,
              40.812786000107145
            ],
            [
              -77.8863250003646,
              40.81339999978418
            ],
            [
              -77.8842339999626,
              40.814921000125196
            ],
            [
              -77.8836149996464,
              40.81536899991861
            ],
            [
              -77.88297500031211,
              40.815833999937176
            ],
            [
              -77.88241000042258,
              40.81622999971674
            ],
            [
              -77.88196199981061,
              40.81654499976931
            ],
            [
              -77.8791669996019,
              40.818504000071876
            ],
            [
              -77.8779330000658,
              40.81936900004222
            ],
            [
              -77.87570500029476,
              40.820923999991
            ],
            [
              -77.87497700019861,
              40.82143099995544
            ],
            [
              -77.87439499969233,
              40.821857999709366
            ],
            [
              -77.8718999999576,
              40.823632000151505
            ],
            [
              -77.86978000014159,
              40.82513800009252
            ],
            [
              -77.85866600032732,
              40.83311399991504
            ],
            [
              -77.8557149995847,
              40.835225000041504
            ],
            [
              -77.85172199982489,
              40.83809899981767
            ],
            [
              -77.85471600022522,
              40.840526999970756
            ],
            [
              -77.85803500031557,
              40.843189999910884
            ],
            [
              -77.86132300044378,
              40.84585100030839
            ],
            [
              -77.86285499990572,
              40.847089999842474
            ],
            [
              -77.86956000003357,
              40.852516000069635
            ],
            [
              -77.87240000044811,
              40.8548140000476
            ],
            [
              -77.87705099998388,
              40.85857599983667
            ],
            [
              -77.87743099992545,
              40.85888499991132
            ],
            [
              -77.87809799992225,
              40.85942600016376
            ],
            [
              -77.87947799994654,
              40.860540000052055
            ],
            [
              -77.88169400002202,
              40.86233100032357
            ],
            [
              -77.88172800035719,
              40.862359000337065
            ],
            [
              -77.88233400025462,
              40.8628469999332
            ],
            [
              -77.88242799996594,
              40.862926999802376
            ],
            [
              -77.88591299973764,
              40.86574300020723
            ],
            [
              -77.88635100030388,
              40.86609899979054
            ],
            [
              -77.88723099983767,
              40.866811000009136
            ],
            [
              -77.89035400010943,
              40.869335999769255
            ],
            [
              -77.89166499963842,
              40.87039699987265
            ],
            [
              -77.89232099976454,
              40.87092600012304
            ],
            [
              -77.8953090003171,
              40.87334799979932
            ],
            [
              -77.89771399964016,
              40.87528699966456
            ],
            [
              -77.8979060001591,
              40.8751559996983
            ],
            [
              -77.89904900035692,
              40.8743749999072
            ],
            [
              -77.90012999973217,
              40.873618000224425
            ],
            [
              -77.90129800004436,
              40.8727059998915
            ],
            [
              -77.90489400014415,
              40.870517999810914
            ],
            [
              -77.90492400028138,
              40.87049799993742
            ],
            [
              -77.90579600031757,
              40.86944399968684
            ],
            [
              -77.90689799960921,
              40.868105000206434
            ],
            [
              -77.90802200043878,
              40.86673899993802
            ],
            [
              -77.90810699992929,
              40.86664900007873
            ],
            [
              -77.90825500006729,
              40.8664699999799
            ],
            [
              -77.90828600002942,
              40.86646200008566
            ],
            [
              -77.90892999956166,
              40.866298000002246
            ],
            [
              -77.91241799970642,
              40.86541100013841
            ],
            [
              -77.91337699978124,
              40.86516699970601
            ],
            [
              -77.91476199982841,
              40.86481399990337
            ],
            [
              -77.91544800009177,
              40.86445300012023
            ],
            [
              -77.9165069997257,
              40.86389599975795
            ],
            [
              -77.9181329997973,
              40.86304100021327
            ],
            [
              -77.92009399960463,
              40.86201000005092
            ],
            [
              -77.92144699986476,
              40.861297999849576
            ],
            [
              -77.92231200022826,
              40.8608430000465
            ],
            [
              -77.92287799994268,
              40.860544999753785
            ],
            [
              -77.92377799956797,
              40.85965000025318
            ],
            [
              -77.92414199961604,
              40.85928800008339
            ],
            [
              -77.92471300025167,
              40.8587220001923
            ],
            [
              -77.92556500019636,
              40.85787899979998
            ],
            [
              -77.92595299963557,
              40.85749000024332
            ],
            [
              -77.92682700021989,
              40.856621999816
            ],
            [
              -77.92735199992644,
              40.85609999977163
            ],
            [
              -77.929018000181,
              40.85495199993613
            ],
            [
              -77.9302709999837,
              40.854096999766675
            ],
            [
              -77.93054200014534,
              40.85392000006955
            ],
            [
              -77.93218900013335,
              40.852795000199585
            ],
            [
              -77.93222299957021,
              40.852773000022545
            ],
            [
              -77.93231399980681,
              40.852710000031166
            ],
            [
              -77.95305699982904,
              40.84273100007992
            ],
            [
              -77.95838100010769,
              40.84027099979687
            ],
            [
              -77.96130900038577,
              40.839157000254595
            ],
            [
              -77.9659580002717,
              40.83738700022003
            ],
            [
              -77.97303099974725,
              40.83469399986817
            ],
            [
              -77.97313299985451,
              40.83465400023068
            ],
            [
              -77.97415800005157,
              40.83425600007617
            ],
            [
              -77.97426099998374,
              40.83422000002974
            ],
            [
              -77.97498200040718,
              40.833937999782734
            ],
            [
              -77.98258200013743,
              40.83101800021582
            ],
            [
              -77.98446699977679,
              40.82966199985573
            ],
            [
              -77.9873749999634,
              40.82756900015241
            ],
            [
              -77.99818199963102,
              40.82093199994544
            ]
          ]
        ]
      },
      "properties": {
        "NAME": "Patton township",
        "GEOID": "4202758440"
      }
    },
    {
      "type": "Feature",
      "geometry": {
        "type": "Polygon",
        "coordinates": [
          [
            [
              -77.85150699973973,
              40.76765000028447
            ],
            [
              -77.85200100038246,
              40.767581999794004
            ],
            [
              -77.85103399991172,
              40.766330999877276
            ],
            [
              -77.84716900019842,
              40.761328999883105
            ],
            [
              -77.84544199984448,
              40.75909099968916
            ],
            [
              -77.84314200010341,
              40.75614099982706
            ],
            [
              -77.83410999957202,
              40.7445739997058
            ],
            [
              -77.83141499982075,
              40.741121999771785
            ],
            [
              -77.82736500015953,
              40.742621999844644
            ],
            [
              -77.82490300003676,
              40.7435339997527
            ],
            [
              -77.81092000039393,
              40.73756300010875
            ],
            [
              -77.80936000044458,
              40.73689700006882
            ],
            [
              -77.80027100001178,
              40.73301599996963
            ],
            [
              -77.79999400000234,
              40.73289800016161
            ],
            [
              -77.78935200019119,
              40.72835399986897
            ],
            [
              -77.78090399981589,
              40.72474700018273
            ],
            [
              -77.76933600044018,
              40.71980699969146
            ],
            [
              -77.76854899989449,
              40.71946600022649
            ],
            [
              -77.75845899955407,
              40.72106800012893
            ],
            [
              -77.75840800039876,
              40.721075999860034
            ],
            [
              -77.73809100034887,
              40.72429700016906
            ],
            [
              -77.73524900028451,
              40.72474800026409
            ],
            [
              -77.73470500031138,
              40.72483399971642
            ],
            [
              -77.71867700029733,
              40.72737199998256
            ],
            [
              -77.71791900006396,
              40.726226999993784
            ],
            [
              -77.7176119999173,
              40.72576200014684
            ],
            [
              -77.7152119997188,
              40.72195699993411
            ],
            [
              -77.71054799976424,
              40.71456400005403
            ],
            [
              -77.71030099989204,
              40.71469499998734
            ],
            [
              -77.70909699959482,
              40.715331999949605
            ],
            [
              -77.69926800026862,
              40.72053600019578
            ],
            [
              -77.69895500027418,
              40.720703999774024
            ],
            [
              -77.698696999633,
              40.72084200018027
            ],
            [
              -77.69581799975873,
              40.72234599978192
            ],
            [
              -77.69546600030453,
              40.722530000032805
            ],
            [
              -77.69579500019252,
              40.72320700002186
            ],
            [
              -77.6988439999461,
              40.729474999778404
            ],
            [
              -77.69958899976069,
              40.73100400003535
            ],
            [
              -77.70180599966109,
              40.73555200009986
            ],
            [
              -77.70346799971767,
              40.738977999869135
            ],
            [
              -77.70464799972544,
              40.74141899986932
            ],
            [
              -77.70814000006816,
              40.748588999710435
            ],
            [
              -77.70888900008069,
              40.75012500024703
            ],
            [
              -77.70907599967845,
              40.750512000044615
            ],
            [
              -77.7107960003597,
              40.75404599970253
            ],
            [
              -77.71142499982331,
              40.75533800031492
            ],
            [
              -77.71176799995497,
              40.75604400021122
            ],
            [
              -77.71233600021755,
              40.75720999973692
            ],
            [
              -77.71262699957238,
              40.7578089998127
            ],
            [
              -77.71598099982282,
              40.76469700014259
            ],
            [
              -77.71847700028079,
              40.76982400016107
            ],
            [
              -77.71905999971366,
              40.77102100017044
            ],
            [
              -77.7255759996956,
              40.78440199994928
            ],
            [
              -77.72574899994798,
              40.784756999906456
            ],
            [
              -77.72683799971914,
              40.786383999930045
            ],
            [
              -77.73217799989129,
              40.79439599984677
            ],
            [
              -77.73268400022957,
              40.7951489999782
            ],
            [
              -77.73293600012464,
              40.79552399967575
            ],
            [
              -77.74152900026492,
              40.80842099967551
            ],
            [
              -77.74227800027745,
              40.80953100024423
            ],
            [
              -77.7514129998427,
              40.823247999886775
            ],
            [
              -77.75306300020372,
              40.82546499978019
            ],
            [
              -77.75336899962717,
              40.82587600000072
            ],
            [
              -77.75356299979593,
              40.826137000282046
            ],
            [
              -77.75365400003254,
              40.82626000000387
            ],
            [
              -77.76039599997029,
              40.82345799985031
            ],
            [
              -77.76056099982674,
              40.82338900012013
            ],
            [
              -77.76698100044753,
              40.820720000146835
            ],
            [
              -77.77370599976854,
              40.81792299999876
            ],
            [
              -77.77476799977552,
              40.81748100005467
            ],
            [
              -77.7759340004379,
              40.816997999741446
            ],
            [
              -77.77744300033362,
              40.81637300003818
            ],
            [
              -77.78152899997987,
              40.814671000194046
            ],
            [
              -77.78127299988684,
              40.81216200028314
            ],
            [
              -77.78295000001204,
              40.811617999971816
            ],
            [
              -77.78285399975259,
              40.81036999968215
            ],
            [
              -77.78198599991437,
              40.79945699978684
            ],
            [
              -77.78167799994279,
              40.79550999983391
            ],
            [
              -77.78141500017705,
              40.792180999682195
            ],
            [
              -77.78141299962891,
              40.79214499992194
            ],
            [
              -77.78135599972751,
              40.791432000289134
            ],
            [
              -77.78173700039234,
              40.791348000097216
            ],
            [
              -77.7926050001593,
              40.78894899994472
            ],
            [
              -77.79322299975226,
              40.788813000324794
            ],
            [
              -77.79328999969941,
              40.788797999949594
            ],
            [
              -77.7959290002725,
              40.788214999971295
            ],
            [
              -77.7961460000075,
              40.78816800017473
            ],
            [
              -77.80045099993683,
              40.786158000161
            ],
            [
              -77.80053899980038,
              40.78611699998201
            ],
            [
              -77.8006669998469,
              40.786056000266115
            ],
            [
              -77.80074100036506,
              40.78602099974599
            ],
            [
              -77.80106699987998,
              40.78586999989451
            ],
            [
              -77.80125299965282,
              40.78578200009297
            ],
            [
              -77.80238800035306,
              40.78525199981174
            ],
            [
              -77.80295999991527,
              40.78498599992964
            ],
            [
              -77.80868199967885,
              40.78231400021719
            ],
            [
              -77.80898499962754,
              40.782170999965906
            ],
            [
              -77.80994799990033,
              40.78172199994922
            ],
            [
              -77.81334200033375,
              40.780137999667055
            ],
            [
              -77.81478500010724,
              40.77946300008859
            ],
            [
              -77.81647399992802,
              40.77867699988679
            ],
            [
              -77.81793799961791,
              40.77799200013701
            ],
            [
              -77.83143400008733,
              40.77169100020886
            ],
            [
              -77.83201800024341,
              40.77141699996377
            ],
            [
              -77.83570800005454,
              40.76969399999418
            ],
            [
              -77.83845700023247,
              40.76933799972138
            ],
            [
              -77.8409519999672,
              40.76901500004433
            ],
            [
              -77.85150699973973,
              40.76765000028447
            ]
          ]
        ]
      },
      "properties": {
        "NAME": "Harris township",
        "GEOID": "4202732792"
      }
    }
  ]
}
